txn_id,date,branch,txn_type,description,amount_aed,balance_aed,month,quarter,flag
WLT-09000,2024-01-01,Dubai-Al Quoz,Top-Up,Monthly petty cash top-up,2954.0,2954.0,2024-01,Q1,
WLT-09001,2024-01-01,Dubai-Al Quoz,Expense,Cleaning Supplies,-95.84,2858.16,2024-01,Q1,
WLT-09002,2024-01-01,Dubai-Al Quoz,Expense,Staff Refreshments,-53.16,2805.0,2024-01,Q1,
WLT-09003,2024-01-01,Dubai-Al Quoz,Expense,Consumables (Rags/Gloves),-96.35,2708.65,2024-01,Q1,
WLT-09004,2024-01-02,Dubai-Al Quoz,Expense,Consumables (Rags/Gloves),-90.03,2618.62,2024-01,Q1,
WLT-09005,2024-01-02,Dubai-Al Quoz,Expense,Parking / Toll,-31.07,2587.55,2024-01,Q1,
WLT-09006,2024-01-03,Dubai-Al Quoz,Expense,Parking / Toll,-23.71,2563.84,2024-01,Q1,
WLT-09007,2024-01-06,Dubai-Al Quoz,Expense,Emergency Parts Run,-329.37,2234.47,2024-01,Q1,
WLT-09008,2024-01-06,Dubai-Al Quoz,Expense,Emergency Parts Run,-385.28,1849.19,2024-01,Q1,
WLT-09009,2024-01-07,Dubai-Al Quoz,Expense,Small Tools,-200.0,1649.19,2024-01,Q1,Round-Number Review
WLT-09010,2024-01-07,Dubai-Al Quoz,Expense,Staff Refreshments,-40.57,1608.62,2024-01,Q1,
WLT-09011,2024-01-08,Dubai-Al Quoz,Expense,Staff Refreshments,-54.22,1554.4,2024-01,Q1,
WLT-09012,2024-01-09,Dubai-Al Quoz,Expense,Parking / Toll,-27.6,1526.8,2024-01,Q1,
WLT-09013,2024-01-10,Dubai-Al Quoz,Expense,Parking / Toll,-26.7,1500.1,2024-01,Q1,
WLT-09014,2024-01-11,Dubai-Al Quoz,Expense,Fuel (Test Drive),-53.02,1447.08,2024-01,Q1,
WLT-09015,2024-01-11,Dubai-Al Quoz,Expense,Staff Refreshments,-38.26,1408.82,2024-01,Q1,
WLT-09016,2024-01-13,Dubai-Al Quoz,Expense,Parking / Toll,-21.28,1387.54,2024-01,Q1,
WLT-09017,2024-01-13,Dubai-Al Quoz,Expense,Parking / Toll,-25.49,1362.05,2024-01,Q1,
WLT-09018,2024-01-14,Dubai-Al Quoz,Expense,Staff Refreshments,-41.03,1321.02,2024-01,Q1,
WLT-09019,2024-01-15,Dubai-Al Quoz,Expense,Parking / Toll,-50.0,1271.02,2024-01,Q1,Round-Number Review
WLT-09020,2024-01-16,Dubai-Al Quoz,Expense,Fuel (Test Drive),-73.02,1198.0,2024-01,Q1,
WLT-09021,2024-01-17,Dubai-Al Quoz,Expense,Small Tools,-153.04,1044.96,2024-01,Q1,
WLT-09022,2024-01-17,Dubai-Al Quoz,Expense,Emergency Parts Run,-284.92,760.04,2024-01,Q1,
WLT-09023,2024-01-20,Dubai-Al Quoz,Expense,Cleaning Supplies,-114.57,645.47,2024-01,Q1,
WLT-09024,2024-01-21,Dubai-Al Quoz,Expense,Small Tools,-185.37,460.1,2024-01,Q1,
WLT-09025,2024-01-21,Dubai-Al Quoz,Expense,Stationary / Admin,-49.23,410.87,2024-01,Q1,
WLT-09026,2024-01-22,Dubai-Al Quoz,Expense,Parking / Toll,-24.56,386.31,2024-01,Q1,
WLT-09027,2024-01-23,Dubai-Al Quoz,Expense,Staff Refreshments,-40.09,346.22,2024-01,Q1,
WLT-09028,2024-01-24,Dubai-Al Quoz,Expense,Small Tools,-156.82,189.4,2024-01,Q1,
WLT-09029,2024-01-25,Dubai-Al Quoz,Expense,Cleaning Supplies,-111.51,77.89,2024-01,Q1,
WLT-09030,2024-01-27,Dubai-Al Quoz,Expense,Fuel (Test Drive),-57.5,20.39,2024-01,Q1,
WLT-09031,2024-02-01,Dubai-Al Quoz,Top-Up,Monthly petty cash top-up,2828.0,2848.39,2024-02,Q1,
WLT-09032,2024-02-01,Dubai-Al Quoz,Expense,Staff Refreshments,-48.96,2799.43,2024-02,Q1,
WLT-09033,2024-02-03,Dubai-Al Quoz,Expense,Emergency Parts Run,-305.43,2494.0,2024-02,Q1,
WLT-09034,2024-02-03,Dubai-Al Quoz,Expense,Small Tools,-175.38,2318.62,2024-02,Q1,
WLT-09035,2024-02-04,Dubai-Al Quoz,Expense,Parking / Toll,-21.05,2297.57,2024-02,Q1,
WLT-09036,2024-02-05,Dubai-Al Quoz,Expense,Small Tools,-199.79,2097.78,2024-02,Q1,
WLT-09037,2024-02-06,Dubai-Al Quoz,Expense,Emergency Parts Run,-250.0,1847.78,2024-02,Q1,Round-Number Review
WLT-09038,2024-02-07,Dubai-Al Quoz,Expense,Consumables (Rags/Gloves),-100.56,1747.22,2024-02,Q1,
WLT-09039,2024-02-10,Dubai-Al Quoz,Expense,Cleaning Supplies,-132.82,1614.4,2024-02,Q1,
WLT-09040,2024-02-11,Dubai-Al Quoz,Expense,Staff Refreshments,-55.29,1559.11,2024-02,Q1,
WLT-09041,2024-02-12,Dubai-Al Quoz,Expense,Consumables (Rags/Gloves),-64.29,1494.82,2024-02,Q1,
WLT-09042,2024-02-13,Dubai-Al Quoz,Expense,Parking / Toll,-24.58,1470.24,2024-02,Q1,
WLT-09043,2024-02-13,Dubai-Al Quoz,Expense,Fuel (Test Drive),-64.25,1405.99,2024-02,Q1,
WLT-09044,2024-02-14,Dubai-Al Quoz,Expense,Staff Refreshments,-48.03,1357.96,2024-02,Q1,
WLT-09045,2024-02-15,Dubai-Al Quoz,Expense,Consumables (Rags/Gloves),-83.45,1274.51,2024-02,Q1,
WLT-09046,2024-02-17,Dubai-Al Quoz,Expense,Emergency Parts Run,-274.5,1000.01,2024-02,Q1,
WLT-09047,2024-02-18,Dubai-Al Quoz,Expense,Small Tools,-172.42,827.59,2024-02,Q1,
WLT-09048,2024-02-19,Dubai-Al Quoz,Expense,Cleaning Supplies,-89.98,737.61,2024-02,Q1,
WLT-09049,2024-02-20,Dubai-Al Quoz,Expense,Consumables (Rags/Gloves),-72.12,665.49,2024-02,Q1,
WLT-09050,2024-02-20,Dubai-Al Quoz,Expense,Consumables (Rags/Gloves),-88.08,577.41,2024-02,Q1,
WLT-09051,2024-02-21,Dubai-Al Quoz,Expense,Cleaning Supplies,-100.0,477.41,2024-02,Q1,Round-Number Review
WLT-09052,2024-02-21,Dubai-Al Quoz,Expense,Staff Refreshments,-40.98,436.43,2024-02,Q1,
WLT-09053,2024-02-22,Dubai-Al Quoz,Expense,Staff Refreshments,-37.39,399.04,2024-02,Q1,
WLT-09054,2024-02-25,Dubai-Al Quoz,Expense,Fuel (Test Drive),-69.88,329.16,2024-02,Q1,
WLT-09055,2024-02-25,Dubai-Al Quoz,Expense,Fuel (Test Drive),-67.81,261.35,2024-02,Q1,
WLT-09056,2024-02-28,Dubai-Al Quoz,Expense,Consumables (Rags/Gloves),-71.76,189.59,2024-02,Q1,
WLT-09057,2024-02-29,Dubai-Al Quoz,Expense,Consumables (Rags/Gloves),-78.23,111.36,2024-02,Q1,
WLT-09058,2024-03-02,Dubai-Al Quoz,Expense,Consumables (Rags/Gloves),-75.72,35.64,2024-03,Q1,
WLT-09059,2024-03-04,Dubai-Al Quoz,Expense,Parking / Toll,-26.93,8.71,2024-03,Q1,
WLT-09060,2024-04-01,Dubai-Al Quoz,Top-Up,Monthly petty cash top-up,2897.0,2905.71,2024-04,Q2,
WLT-09061,2024-04-01,Dubai-Al Quoz,Expense,Parking / Toll,-18.76,2886.95,2024-04,Q2,
WLT-09062,2024-04-01,Dubai-Al Quoz,Expense,Consumables (Rags/Gloves),-82.59,2804.36,2024-04,Q2,
WLT-09063,2024-04-02,Dubai-Al Quoz,Expense,Small Tools,-171.99,2632.37,2024-04,Q2,
WLT-09064,2024-04-03,Dubai-Al Quoz,Expense,Staff Refreshments,-40.34,2592.03,2024-04,Q2,
WLT-09065,2024-04-04,Dubai-Al Quoz,Expense,Small Tools,-218.18,2373.85,2024-04,Q2,
WLT-09066,2024-04-04,Dubai-Al Quoz,Expense,Staff Refreshments,-45.45,2328.4,2024-04,Q2,
WLT-09067,2024-04-06,Dubai-Al Quoz,Expense,Consumables (Rags/Gloves),-101.08,2227.32,2024-04,Q2,
WLT-09068,2024-04-07,Dubai-Al Quoz,Expense,Fuel (Test Drive),-62.12,2165.2,2024-04,Q2,
WLT-09069,2024-04-08,Dubai-Al Quoz,Expense,Emergency Parts Run,-293.69,1871.51,2024-04,Q2,
WLT-09070,2024-04-08,Dubai-Al Quoz,Expense,Emergency Parts Run,-342.41,1529.1,2024-04,Q2,
WLT-09071,2024-04-09,Dubai-Al Quoz,Expense,Cleaning Supplies,-136.83,1392.27,2024-04,Q2,
WLT-09072,2024-04-10,Dubai-Al Quoz,Expense,Consumables (Rags/Gloves),-91.99,1300.28,2024-04,Q2,
WLT-09073,2024-04-11,Dubai-Al Quoz,Expense,Staff Refreshments,-48.29,1251.99,2024-04,Q2,
WLT-09074,2024-04-13,Dubai-Al Quoz,Expense,Staff Refreshments,-53.78,1198.21,2024-04,Q2,
WLT-09075,2024-04-14,Dubai-Al Quoz,Expense,Fuel (Test Drive),-54.84,1143.37,2024-04,Q2,
WLT-09076,2024-04-15,Dubai-Al Quoz,Expense,Small Tools,-199.99,943.38,2024-04,Q2,
WLT-09077,2024-04-16,Dubai-Al Quoz,Expense,Staff Refreshments,-41.57,901.81,2024-04,Q2,
WLT-09078,2024-04-18,Dubai-Al Quoz,Expense,Emergency Parts Run,-399.92,501.89,2024-04,Q2,
WLT-09079,2024-04-20,Dubai-Al Quoz,Expense,Staff Refreshments,-50.93,450.96,2024-04,Q2,
WLT-09080,2024-04-24,Dubai-Al Quoz,Expense,Parking / Toll,-23.82,427.14,2024-04,Q2,
WLT-09081,2024-04-25,Dubai-Al Quoz,Expense,Staff Refreshments,-34.88,392.26,2024-04,Q2,
WLT-09082,2024-04-27,Dubai-Al Quoz,Expense,Emergency Parts Run,-279.3,112.96,2024-04,Q2,
WLT-09083,2024-04-28,Dubai-Al Quoz,Expense,Staff Refreshments,-52.98,59.98,2024-04,Q2,
WLT-09084,2024-04-29,Dubai-Al Quoz,Expense,Fuel (Test Drive),-50.02,9.96,2024-04,Q2,
WLT-09085,2024-05-01,Dubai-Al Quoz,Top-Up,Monthly petty cash top-up,2963.0,2972.96,2024-05,Q2,
WLT-09086,2024-05-01,Dubai-Al Quoz,Expense,Staff Refreshments,-38.84,2934.12,2024-05,Q2,
WLT-09087,2024-05-02,Dubai-Al Quoz,Expense,Fuel (Test Drive),-64.95,2869.17,2024-05,Q2,
WLT-09088,2024-05-04,Dubai-Al Quoz,Expense,Consumables (Rags/Gloves),-85.6,2783.57,2024-05,Q2,
WLT-09089,2024-05-04,Dubai-Al Quoz,Expense,Consumables (Rags/Gloves),-79.94,2703.63,2024-05,Q2,
WLT-09090,2024-05-05,Dubai-Al Quoz,Expense,Fuel (Test Drive),-74.33,2629.3,2024-05,Q2,
WLT-09091,2024-05-06,Dubai-Al Quoz,Expense,Consumables (Rags/Gloves),-99.84,2529.46,2024-05,Q2,
WLT-09092,2024-05-07,Dubai-Al Quoz,Expense,Stationary / Admin,-46.33,2483.13,2024-05,Q2,
WLT-09093,2024-05-08,Dubai-Al Quoz,Expense,Fuel (Test Drive),-50.32,2432.81,2024-05,Q2,
WLT-09094,2024-05-09,Dubai-Al Quoz,Expense,Cleaning Supplies,-89.63,2343.18,2024-05,Q2,
WLT-09095,2024-05-11,Dubai-Al Quoz,Expense,Fuel (Test Drive),-53.69,2289.49,2024-05,Q2,
WLT-09096,2024-05-12,Dubai-Al Quoz,Expense,Parking / Toll,-24.31,2265.18,2024-05,Q2,
WLT-09097,2024-05-13,Dubai-Al Quoz,Expense,Cleaning Supplies,-98.56,2166.62,2024-05,Q2,
WLT-09098,2024-05-14,Dubai-Al Quoz,Expense,Fuel (Test Drive),-62.99,2103.63,2024-05,Q2,
WLT-09099,2024-05-14,Dubai-Al Quoz,Expense,Cleaning Supplies,-122.89,1980.74,2024-05,Q2,
WLT-09100,2024-05-14,Dubai-Al Quoz,Expense,Staff Refreshments,-46.53,1934.21,2024-05,Q2,
WLT-09101,2024-05-15,Dubai-Al Quoz,Expense,Consumables (Rags/Gloves),-69.47,1864.74,2024-05,Q2,
WLT-09102,2024-05-16,Dubai-Al Quoz,Expense,Staff Refreshments,-34.88,1829.86,2024-05,Q2,
WLT-09103,2024-05-18,Dubai-Al Quoz,Expense,Staff Refreshments,-41.91,1787.95,2024-05,Q2,
WLT-09104,2024-05-19,Dubai-Al Quoz,Expense,Staff Refreshments,-40.05,1747.9,2024-05,Q2,
WLT-09105,2024-05-20,Dubai-Al Quoz,Expense,Cleaning Supplies,-135.62,1612.28,2024-05,Q2,
WLT-09106,2024-05-21,Dubai-Al Quoz,Expense,Staff Refreshments,-51.55,1560.73,2024-05,Q2,
WLT-09107,2024-05-22,Dubai-Al Quoz,Expense,Cleaning Supplies,-135.55,1425.18,2024-05,Q2,
WLT-09108,2024-05-22,Dubai-Al Quoz,Expense,Cleaning Supplies,-104.56,1320.62,2024-05,Q2,
WLT-09109,2024-05-25,Dubai-Al Quoz,Expense,Consumables (Rags/Gloves),-72.11,1248.51,2024-05,Q2,
WLT-09110,2024-05-25,Dubai-Al Quoz,Expense,Stationary / Admin,-52.34,1196.17,2024-05,Q2,
WLT-09111,2024-05-26,Dubai-Al Quoz,Expense,Consumables (Rags/Gloves),-68.53,1127.64,2024-05,Q2,
WLT-09112,2024-05-26,Dubai-Al Quoz,Expense,Fuel (Test Drive),-74.97,1052.67,2024-05,Q2,
WLT-09113,2024-05-27,Dubai-Al Quoz,Expense,Cleaning Supplies,-134.97,917.7,2024-05,Q2,
WLT-09114,2024-05-28,Dubai-Al Quoz,Expense,Staff Refreshments,-40.57,877.13,2024-05,Q2,
WLT-09115,2024-05-30,Dubai-Al Quoz,Expense,Parking / Toll,-25.64,851.49,2024-05,Q2,
WLT-09116,2024-05-30,Dubai-Al Quoz,Expense,Consumables (Rags/Gloves),-68.32,783.17,2024-05,Q2,
WLT-09117,2024-06-01,Dubai-Al Quoz,Top-Up,Monthly petty cash top-up,2936.0,3719.17,2024-06,Q2,
WLT-09118,2024-06-01,Dubai-Al Quoz,Expense,Small Tools,-200.0,3519.17,2024-06,Q2,Round-Number Review
WLT-09119,2024-06-01,Dubai-Al Quoz,Expense,Consumables (Rags/Gloves),-93.93,3425.24,2024-06,Q2,
WLT-09120,2024-06-02,Dubai-Al Quoz,Expense,Emergency Parts Run,-250.0,3175.24,2024-06,Q2,Round-Number Review
WLT-09121,2024-06-02,Dubai-Al Quoz,Expense,Small Tools,-227.04,2948.2,2024-06,Q2,
WLT-09122,2024-06-05,Dubai-Al Quoz,Expense,Consumables (Rags/Gloves),-50.0,2898.2,2024-06,Q2,Round-Number Review
WLT-09123,2024-06-06,Dubai-Al Quoz,Expense,Emergency Parts Run,-250.0,2648.2,2024-06,Q2,Round-Number Review
WLT-09124,2024-06-06,Dubai-Al Quoz,Expense,Emergency Parts Run,-382.59,2265.61,2024-06,Q2,
WLT-09125,2024-06-09,Dubai-Al Quoz,Expense,Consumables (Rags/Gloves),-101.9,2163.71,2024-06,Q2,
WLT-09126,2024-06-09,Dubai-Al Quoz,Expense,Small Tools,-168.69,1995.02,2024-06,Q2,
WLT-09127,2024-06-10,Dubai-Al Quoz,Expense,Staff Refreshments,-50.0,1945.02,2024-06,Q2,Round-Number Review
WLT-09128,2024-06-10,Dubai-Al Quoz,Expense,Staff Refreshments,-38.85,1906.17,2024-06,Q2,
WLT-09129,2024-06-10,Dubai-Al Quoz,Expense,Consumables (Rags/Gloves),-102.89,1803.28,2024-06,Q2,
WLT-09130,2024-06-11,Dubai-Al Quoz,Expense,Cleaning Supplies,-88.86,1714.42,2024-06,Q2,
WLT-09131,2024-06-11,Dubai-Al Quoz,Expense,Fuel (Test Drive),-60.27,1654.15,2024-06,Q2,
WLT-09132,2024-06-12,Dubai-Al Quoz,Expense,Parking / Toll,-30.66,1623.49,2024-06,Q2,
WLT-09133,2024-06-12,Dubai-Al Quoz,Expense,Cleaning Supplies,-84.35,1539.14,2024-06,Q2,
WLT-09134,2024-06-13,Dubai-Al Quoz,Expense,Staff Refreshments,-36.82,1502.32,2024-06,Q2,
WLT-09135,2024-06-13,Dubai-Al Quoz,Expense,Staff Refreshments,-50.0,1452.32,2024-06,Q2,Round-Number Review
WLT-09136,2024-06-15,Dubai-Al Quoz,Expense,Consumables (Rags/Gloves),-70.68,1381.64,2024-06,Q2,
WLT-09137,2024-06-17,Dubai-Al Quoz,Expense,Staff Refreshments,-49.88,1331.76,2024-06,Q2,
WLT-09138,2024-06-19,Dubai-Al Quoz,Expense,Staff Refreshments,-34.09,1297.67,2024-06,Q2,
WLT-09139,2024-06-19,Dubai-Al Quoz,Expense,Staff Refreshments,-50.07,1247.6,2024-06,Q2,
WLT-09140,2024-06-19,Dubai-Al Quoz,Expense,Emergency Parts Run,-269.93,977.67,2024-06,Q2,
WLT-09141,2024-06-20,Dubai-Al Quoz,Expense,Staff Refreshments,-46.11,931.56,2024-06,Q2,
WLT-09142,2024-06-22,Dubai-Al Quoz,Expense,Fuel (Test Drive),-50.83,880.73,2024-06,Q2,
WLT-09143,2024-06-22,Dubai-Al Quoz,Expense,Emergency Parts Run,-242.31,638.42,2024-06,Q2,
WLT-09144,2024-06-24,Dubai-Al Quoz,Expense,Emergency Parts Run,-271.32,367.1,2024-06,Q2,
WLT-09145,2024-06-25,Dubai-Al Quoz,Expense,Consumables (Rags/Gloves),-65.56,301.54,2024-06,Q2,
WLT-09146,2024-06-25,Dubai-Al Quoz,Expense,Cleaning Supplies,-125.97,175.57,2024-06,Q2,
WLT-09147,2024-06-26,Dubai-Al Quoz,Expense,Consumables (Rags/Gloves),-87.37,88.2,2024-06,Q2,
WLT-09148,2024-06-29,Dubai-Al Quoz,Expense,Consumables (Rags/Gloves),-79.54,8.66,2024-06,Q2,
WLT-09149,2024-07-01,Dubai-Al Quoz,Top-Up,Monthly petty cash top-up,3082.0,3090.66,2024-07,Q3,
WLT-09150,2024-07-01,Dubai-Al Quoz,Expense,Parking / Toll,-25.93,3064.73,2024-07,Q3,
WLT-09151,2024-07-01,Dubai-Al Quoz,Expense,Stationary / Admin,-60.91,3003.82,2024-07,Q3,
WLT-09152,2024-07-02,Dubai-Al Quoz,Expense,Parking / Toll,-30.42,2973.4,2024-07,Q3,
WLT-09153,2024-07-03,Dubai-Al Quoz,Expense,Staff Refreshments,-52.79,2920.61,2024-07,Q3,
WLT-09154,2024-07-04,Dubai-Al Quoz,Expense,Consumables (Rags/Gloves),-67.23,2853.38,2024-07,Q3,
WLT-09155,2024-07-04,Dubai-Al Quoz,Expense,Fuel (Test Drive),-61.83,2791.55,2024-07,Q3,
WLT-09156,2024-07-07,Dubai-Al Quoz,Expense,Small Tools,-180.54,2611.01,2024-07,Q3,
WLT-09157,2024-07-07,Dubai-Al Quoz,Expense,Small Tools,-230.76,2380.25,2024-07,Q3,
WLT-09158,2024-07-08,Dubai-Al Quoz,Expense,Small Tools,-250.0,2130.25,2024-07,Q3,Round-Number Review
WLT-09159,2024-07-09,Dubai-Al Quoz,Expense,Stationary / Admin,-45.2,2085.05,2024-07,Q3,
WLT-09160,2024-07-09,Dubai-Al Quoz,Expense,Small Tools,-155.79,1929.26,2024-07,Q3,
WLT-09161,2024-07-10,Dubai-Al Quoz,Expense,Consumables (Rags/Gloves),-101.88,1827.38,2024-07,Q3,
WLT-09162,2024-07-11,Dubai-Al Quoz,Expense,Consumables (Rags/Gloves),-70.89,1756.49,2024-07,Q3,
WLT-09163,2024-07-13,Dubai-Al Quoz,Expense,Small Tools,-224.19,1532.3,2024-07,Q3,
WLT-09164,2024-07-13,Dubai-Al Quoz,Expense,Small Tools,-183.66,1348.64,2024-07,Q3,
WLT-09165,2024-07-14,Dubai-Al Quoz,Expense,Parking / Toll,-0.0,1348.64,2024-07,Q3,Round-Number Review
WLT-09166,2024-07-14,Dubai-Al Quoz,Expense,Emergency Parts Run,-308.53,1040.11,2024-07,Q3,
WLT-09167,2024-07-14,Dubai-Al Quoz,Expense,Staff Refreshments,-35.38,1004.73,2024-07,Q3,
WLT-09168,2024-07-15,Dubai-Al Quoz,Expense,Staff Refreshments,-50.5,954.23,2024-07,Q3,
WLT-09169,2024-07-16,Dubai-Al Quoz,Expense,Small Tools,-215.78,738.45,2024-07,Q3,
WLT-09170,2024-07-16,Dubai-Al Quoz,Expense,Staff Refreshments,-54.45,684.0,2024-07,Q3,
WLT-09171,2024-07-17,Dubai-Al Quoz,Expense,Small Tools,-163.48,520.52,2024-07,Q3,
WLT-09172,2024-07-18,Dubai-Al Quoz,Expense,Consumables (Rags/Gloves),-82.56,437.96,2024-07,Q3,
WLT-09173,2024-07-18,Dubai-Al Quoz,Expense,Staff Refreshments,-46.28,391.68,2024-07,Q3,
WLT-09174,2024-07-18,Dubai-Al Quoz,Expense,Parking / Toll,-26.95,364.73,2024-07,Q3,
WLT-09175,2024-07-20,Dubai-Al Quoz,Expense,Staff Refreshments,-44.54,320.19,2024-07,Q3,
WLT-09176,2024-07-23,Dubai-Al Quoz,Expense,Staff Refreshments,-36.68,283.51,2024-07,Q3,
WLT-09177,2024-07-23,Dubai-Al Quoz,Expense,Parking / Toll,-25.59,257.92,2024-07,Q3,
WLT-09178,2024-07-23,Dubai-Al Quoz,Expense,Fuel (Test Drive),-47.49,210.43,2024-07,Q3,
WLT-09179,2024-07-24,Dubai-Al Quoz,Expense,Fuel (Test Drive),-57.28,153.15,2024-07,Q3,
WLT-09180,2024-07-25,Dubai-Al Quoz,Expense,Consumables (Rags/Gloves),-94.54,58.61,2024-07,Q3,
WLT-09181,2024-07-28,Dubai-Al Quoz,Expense,Staff Refreshments,-55.25,3.36,2024-07,Q3,
WLT-09182,2024-08-01,Dubai-Al Quoz,Top-Up,Monthly petty cash top-up,3062.0,3065.36,2024-08,Q3,
WLT-09183,2024-08-01,Dubai-Al Quoz,Expense,Consumables (Rags/Gloves),-95.29,2970.07,2024-08,Q3,
WLT-09184,2024-08-03,Dubai-Al Quoz,Expense,Consumables (Rags/Gloves),-98.46,2871.61,2024-08,Q3,
WLT-09185,2024-08-04,Dubai-Al Quoz,Expense,Staff Refreshments,-40.63,2830.98,2024-08,Q3,
WLT-09186,2024-08-05,Dubai-Al Quoz,Expense,Staff Refreshments,-35.67,2795.31,2024-08,Q3,
WLT-09187,2024-08-06,Dubai-Al Quoz,Expense,Emergency Parts Run,-307.51,2487.8,2024-08,Q3,
WLT-09188,2024-08-07,Dubai-Al Quoz,Expense,Consumables (Rags/Gloves),-75.15,2412.65,2024-08,Q3,
WLT-09189,2024-08-07,Dubai-Al Quoz,Expense,Staff Refreshments,-55.94,2356.71,2024-08,Q3,
WLT-09190,2024-08-07,Dubai-Al Quoz,Expense,Cleaning Supplies,-82.6,2274.11,2024-08,Q3,
WLT-09191,2024-08-08,Dubai-Al Quoz,Expense,Staff Refreshments,-47.73,2226.38,2024-08,Q3,
WLT-09192,2024-08-10,Dubai-Al Quoz,Expense,Consumables (Rags/Gloves),-67.6,2158.78,2024-08,Q3,
WLT-09193,2024-08-11,Dubai-Al Quoz,Expense,Parking / Toll,-25.99,2132.79,2024-08,Q3,
WLT-09194,2024-08-12,Dubai-Al Quoz,Expense,Staff Refreshments,-47.97,2084.82,2024-08,Q3,
WLT-09195,2024-08-12,Dubai-Al Quoz,Expense,Fuel (Test Drive),-59.29,2025.53,2024-08,Q3,
WLT-09196,2024-08-13,Dubai-Al Quoz,Expense,Consumables (Rags/Gloves),-92.77,1932.76,2024-08,Q3,
WLT-09197,2024-08-13,Dubai-Al Quoz,Expense,Cleaning Supplies,-129.64,1803.12,2024-08,Q3,
WLT-09198,2024-08-14,Dubai-Al Quoz,Expense,Emergency Parts Run,-382.65,1420.47,2024-08,Q3,
WLT-09199,2024-08-15,Dubai-Al Quoz,Expense,Small Tools,-244.53,1175.94,2024-08,Q3,
WLT-09200,2024-08-18,Dubai-Al Quoz,Expense,Fuel (Test Drive),-70.3,1105.64,2024-08,Q3,
WLT-09201,2024-08-18,Dubai-Al Quoz,Expense,Parking / Toll,-24.65,1080.99,2024-08,Q3,
WLT-09202,2024-08-19,Dubai-Al Quoz,Expense,Staff Refreshments,-49.94,1031.05,2024-08,Q3,
WLT-09203,2024-08-21,Dubai-Al Quoz,Expense,Fuel (Test Drive),-50.67,980.38,2024-08,Q3,
WLT-09204,2024-08-22,Dubai-Al Quoz,Expense,Cleaning Supplies,-132.13,848.25,2024-08,Q3,
WLT-09205,2024-08-24,Dubai-Al Quoz,Expense,Staff Refreshments,-55.02,793.23,2024-08,Q3,
WLT-09206,2024-08-25,Dubai-Al Quoz,Expense,Staff Refreshments,-44.43,748.8,2024-08,Q3,
WLT-09207,2024-08-25,Dubai-Al Quoz,Expense,Parking / Toll,-21.75,727.05,2024-08,Q3,
WLT-09208,2024-08-26,Dubai-Al Quoz,Expense,Cleaning Supplies,-91.53,635.52,2024-08,Q3,
WLT-09209,2024-08-27,Dubai-Al Quoz,Expense,Stationary / Admin,-63.59,571.93,2024-08,Q3,
WLT-09210,2024-08-27,Dubai-Al Quoz,Expense,Staff Refreshments,-36.79,535.14,2024-08,Q3,
WLT-09211,2024-08-28,Dubai-Al Quoz,Expense,Stationary / Admin,-45.02,490.12,2024-08,Q3,
WLT-09212,2024-08-28,Dubai-Al Quoz,Expense,Parking / Toll,-19.12,471.0,2024-08,Q3,
WLT-09213,2024-08-29,Dubai-Al Quoz,Expense,Staff Refreshments,-42.67,428.33,2024-08,Q3,
WLT-09214,2024-08-31,Dubai-Al Quoz,Expense,Staff Refreshments,-50.92,377.41,2024-08,Q3,
WLT-09215,2024-09-01,Dubai-Al Quoz,Top-Up,Monthly petty cash top-up,3072.0,3449.41,2024-09,Q3,
WLT-09216,2024-09-01,Dubai-Al Quoz,Expense,Staff Refreshments,-38.25,3411.16,2024-09,Q3,
WLT-09217,2024-09-02,Dubai-Al Quoz,Expense,Stationary / Admin,-66.52,3344.64,2024-09,Q3,
WLT-09218,2024-09-03,Dubai-Al Quoz,Expense,Staff Refreshments,-55.92,3288.72,2024-09,Q3,
WLT-09219,2024-09-04,Dubai-Al Quoz,Expense,Parking / Toll,-27.33,3261.39,2024-09,Q3,
WLT-09220,2024-09-05,Dubai-Al Quoz,Expense,Staff Refreshments,-46.02,3215.37,2024-09,Q3,
WLT-09221,2024-09-05,Dubai-Al Quoz,Expense,Staff Refreshments,-53.7,3161.67,2024-09,Q3,
WLT-09222,2024-09-05,Dubai-Al Quoz,Expense,Staff Refreshments,-50.9,3110.77,2024-09,Q3,
WLT-09223,2024-09-07,Dubai-Al Quoz,Expense,Small Tools,-223.88,2886.89,2024-09,Q3,
WLT-09224,2024-09-07,Dubai-Al Quoz,Expense,Consumables (Rags/Gloves),-90.76,2796.13,2024-09,Q3,
WLT-09225,2024-09-08,Dubai-Al Quoz,Expense,Emergency Parts Run,-324.59,2471.54,2024-09,Q3,
WLT-09226,2024-09-09,Dubai-Al Quoz,Expense,Consumables (Rags/Gloves),-69.32,2402.22,2024-09,Q3,
WLT-09227,2024-09-10,Dubai-Al Quoz,Expense,Parking / Toll,-23.17,2379.05,2024-09,Q3,
WLT-09228,2024-09-12,Dubai-Al Quoz,Expense,Staff Refreshments,-44.22,2334.83,2024-09,Q3,
WLT-09229,2024-09-14,Dubai-Al Quoz,Expense,Parking / Toll,-22.17,2312.66,2024-09,Q3,
WLT-09230,2024-09-15,Dubai-Al Quoz,Expense,Staff Refreshments,-37.08,2275.58,2024-09,Q3,
WLT-09231,2024-09-15,Dubai-Al Quoz,Expense,Staff Refreshments,-40.97,2234.61,2024-09,Q3,
WLT-09232,2024-09-16,Dubai-Al Quoz,Expense,Stationary / Admin,-53.99,2180.62,2024-09,Q3,
WLT-09233,2024-09-16,Dubai-Al Quoz,Expense,Parking / Toll,-20.46,2160.16,2024-09,Q3,
WLT-09234,2024-09-17,Dubai-Al Quoz,Expense,Consumables (Rags/Gloves),-94.05,2066.11,2024-09,Q3,
WLT-09235,2024-09-18,Dubai-Al Quoz,Expense,Cleaning Supplies,-97.18,1968.93,2024-09,Q3,
WLT-09236,2024-09-19,Dubai-Al Quoz,Expense,Cleaning Supplies,-97.4,1871.53,2024-09,Q3,
WLT-09237,2024-09-21,Dubai-Al Quoz,Expense,Small Tools,-248.29,1623.24,2024-09,Q3,
WLT-09238,2024-09-22,Dubai-Al Quoz,Expense,Fuel (Test Drive),-74.52,1548.72,2024-09,Q3,
WLT-09239,2024-09-22,Dubai-Al Quoz,Expense,Stationary / Admin,-63.2,1485.52,2024-09,Q3,
WLT-09240,2024-09-23,Dubai-Al Quoz,Expense,Consumables (Rags/Gloves),-94.68,1390.84,2024-09,Q3,
WLT-09241,2024-09-24,Dubai-Al Quoz,Expense,Cleaning Supplies,-83.88,1306.96,2024-09,Q3,
WLT-09242,2024-09-26,Dubai-Al Quoz,Expense,Staff Refreshments,-35.46,1271.5,2024-09,Q3,
WLT-09243,2024-09-26,Dubai-Al Quoz,Expense,Staff Refreshments,-37.36,1234.14,2024-09,Q3,
WLT-09244,2024-09-29,Dubai-Al Quoz,Expense,Consumables (Rags/Gloves),-74.21,1159.93,2024-09,Q3,
WLT-09245,2024-09-29,Dubai-Al Quoz,Expense,Consumables (Rags/Gloves),-97.21,1062.72,2024-09,Q3,
WLT-09246,2024-09-30,Dubai-Al Quoz,Expense,Small Tools,-177.45,885.27,2024-09,Q3,
WLT-09247,2024-10-01,Dubai-Al Quoz,Top-Up,Monthly petty cash top-up,2872.0,3757.27,2024-10,Q4,
WLT-09248,2024-10-01,Dubai-Al Quoz,Expense,Fuel (Test Drive),-65.62,3691.65,2024-10,Q4,
WLT-09249,2024-10-01,Dubai-Al Quoz,Expense,Consumables (Rags/Gloves),-89.76,3601.89,2024-10,Q4,
WLT-09250,2024-10-01,Dubai-Al Quoz,Expense,Consumables (Rags/Gloves),-101.88,3500.01,2024-10,Q4,
WLT-09251,2024-10-03,Dubai-Al Quoz,Expense,Staff Refreshments,-49.89,3450.12,2024-10,Q4,
WLT-09252,2024-10-03,Dubai-Al Quoz,Expense,Consumables (Rags/Gloves),-76.88,3373.24,2024-10,Q4,
WLT-09253,2024-10-06,Dubai-Al Quoz,Expense,Fuel (Test Drive),-51.48,3321.76,2024-10,Q4,
WLT-09254,2024-10-06,Dubai-Al Quoz,Expense,Consumables (Rags/Gloves),-69.15,3252.61,2024-10,Q4,
WLT-09255,2024-10-07,Dubai-Al Quoz,Expense,Staff Refreshments,-40.03,3212.58,2024-10,Q4,
WLT-09256,2024-10-07,Dubai-Al Quoz,Expense,Emergency Parts Run,-377.96,2834.62,2024-10,Q4,
WLT-09257,2024-10-08,Dubai-Al Quoz,Expense,Fuel (Test Drive),-46.46,2788.16,2024-10,Q4,
WLT-09258,2024-10-08,Dubai-Al Quoz,Expense,Cleaning Supplies,-114.8,2673.36,2024-10,Q4,
WLT-09259,2024-10-09,Dubai-Al Quoz,Expense,Cleaning Supplies,-83.91,2589.45,2024-10,Q4,
WLT-09260,2024-10-09,Dubai-Al Quoz,Expense,Staff Refreshments,-44.6,2544.85,2024-10,Q4,
WLT-09261,2024-10-10,Dubai-Al Quoz,Expense,Emergency Parts Run,-283.2,2261.65,2024-10,Q4,
WLT-09262,2024-10-12,Dubai-Al Quoz,Expense,Fuel (Test Drive),-67.57,2194.08,2024-10,Q4,
WLT-09263,2024-10-12,Dubai-Al Quoz,Expense,Fuel (Test Drive),-54.74,2139.34,2024-10,Q4,
WLT-09264,2024-10-13,Dubai-Al Quoz,Expense,Cleaning Supplies,-110.37,2028.97,2024-10,Q4,
WLT-09265,2024-10-13,Dubai-Al Quoz,Expense,Staff Refreshments,-40.84,1988.13,2024-10,Q4,
WLT-09266,2024-10-14,Dubai-Al Quoz,Expense,Small Tools,-237.06,1751.07,2024-10,Q4,
WLT-09267,2024-10-14,Dubai-Al Quoz,Expense,Emergency Parts Run,-396.97,1354.1,2024-10,Q4,
WLT-09268,2024-10-15,Dubai-Al Quoz,Expense,Emergency Parts Run,-244.26,1109.84,2024-10,Q4,
WLT-09269,2024-10-16,Dubai-Al Quoz,Expense,Small Tools,-231.56,878.28,2024-10,Q4,
WLT-09270,2024-10-16,Dubai-Al Quoz,Expense,Emergency Parts Run,-241.32,636.96,2024-10,Q4,
WLT-09271,2024-10-17,Dubai-Al Quoz,Expense,Fuel (Test Drive),-72.92,564.04,2024-10,Q4,
WLT-09272,2024-10-19,Dubai-Al Quoz,Expense,Staff Refreshments,-53.77,510.27,2024-10,Q4,
WLT-09273,2024-10-21,Dubai-Al Quoz,Expense,Emergency Parts Run,-306.5,203.77,2024-10,Q4,
WLT-09274,2024-10-21,Dubai-Al Quoz,Expense,Stationary / Admin,-57.96,145.81,2024-10,Q4,
WLT-09275,2024-10-22,Dubai-Al Quoz,Expense,Fuel (Test Drive),-60.02,85.79,2024-10,Q4,
WLT-09276,2024-10-22,Dubai-Al Quoz,Expense,Fuel (Test Drive),-50.02,35.77,2024-10,Q4,
WLT-09277,2024-10-23,Dubai-Al Quoz,Expense,Parking / Toll,-20.8,14.97,2024-10,Q4,
WLT-09278,2024-12-01,Dubai-Al Quoz,Top-Up,Monthly petty cash top-up,2913.0,2927.97,2024-12,Q4,
WLT-09279,2024-12-01,Dubai-Al Quoz,Expense,Fuel (Test Drive),-73.63,2854.34,2024-12,Q4,
WLT-09280,2024-12-01,Dubai-Al Quoz,Expense,Fuel (Test Drive),-66.32,2788.02,2024-12,Q4,
WLT-09281,2024-12-02,Dubai-Al Quoz,Expense,Cleaning Supplies,-124.79,2663.23,2024-12,Q4,
WLT-09282,2024-12-04,Dubai-Al Quoz,Expense,Fuel (Test Drive),-45.67,2617.56,2024-12,Q4,
WLT-09283,2024-12-04,Dubai-Al Quoz,Expense,Fuel (Test Drive),-61.03,2556.53,2024-12,Q4,
WLT-09284,2024-12-05,Dubai-Al Quoz,Expense,Small Tools,-177.02,2379.51,2024-12,Q4,
WLT-09285,2024-12-07,Dubai-Al Quoz,Expense,Fuel (Test Drive),-66.59,2312.92,2024-12,Q4,
WLT-09286,2024-12-08,Dubai-Al Quoz,Expense,Small Tools,-195.41,2117.51,2024-12,Q4,
WLT-09287,2024-12-08,Dubai-Al Quoz,Expense,Parking / Toll,-29.89,2087.62,2024-12,Q4,
WLT-09288,2024-12-08,Dubai-Al Quoz,Expense,Parking / Toll,-29.14,2058.48,2024-12,Q4,
WLT-09289,2024-12-09,Dubai-Al Quoz,Expense,Consumables (Rags/Gloves),-88.29,1970.19,2024-12,Q4,
WLT-09290,2024-12-10,Dubai-Al Quoz,Expense,Parking / Toll,-29.59,1940.6,2024-12,Q4,
WLT-09291,2024-12-10,Dubai-Al Quoz,Expense,Staff Refreshments,-55.11,1885.49,2024-12,Q4,
WLT-09292,2024-12-11,Dubai-Al Quoz,Expense,Emergency Parts Run,-318.28,1567.21,2024-12,Q4,
WLT-09293,2024-12-12,Dubai-Al Quoz,Expense,Staff Refreshments,-54.49,1512.72,2024-12,Q4,
WLT-09294,2024-12-14,Dubai-Al Quoz,Expense,Emergency Parts Run,-399.9,1112.82,2024-12,Q4,
WLT-09295,2024-12-15,Dubai-Al Quoz,Expense,Small Tools,-200.0,912.82,2024-12,Q4,Round-Number Review
WLT-09296,2024-12-18,Dubai-Al Quoz,Expense,Emergency Parts Run,-293.33,619.49,2024-12,Q4,
WLT-09297,2024-12-18,Dubai-Al Quoz,Expense,Fuel (Test Drive),-68.1,551.39,2024-12,Q4,
WLT-09298,2024-12-19,Dubai-Al Quoz,Expense,Cleaning Supplies,-117.05,434.34,2024-12,Q4,
WLT-09299,2024-12-21,Dubai-Al Quoz,Expense,Stationary / Admin,-68.09,366.25,2024-12,Q4,
WLT-09300,2024-12-22,Dubai-Al Quoz,Expense,Staff Refreshments,-51.39,314.86,2024-12,Q4,
WLT-09301,2024-12-23,Dubai-Al Quoz,Expense,Parking / Toll,-19.46,295.4,2024-12,Q4,
WLT-09302,2024-12-23,Dubai-Al Quoz,Expense,Cleaning Supplies,-136.51,158.89,2024-12,Q4,
WLT-09303,2024-12-26,Dubai-Al Quoz,Expense,Staff Refreshments,-37.52,121.37,2024-12,Q4,
WLT-09304,2024-12-30,Dubai-Al Quoz,Expense,Stationary / Admin,-47.87,73.5,2024-12,Q4,
WLT-09305,2024-12-31,Dubai-Al Quoz,Expense,Stationary / Admin,-65.48,8.02,2024-12,Q4,
WLT-09306,2024-01-01,Abu Dhabi-Mussafah,Top-Up,Monthly petty cash top-up,2093.0,2093.0,2024-01,Q1,
WLT-09307,2024-01-01,Abu Dhabi-Mussafah,Expense,Fuel (Test Drive),-52.2,2040.8,2024-01,Q1,
WLT-09308,2024-01-02,Abu Dhabi-Mussafah,Expense,Staff Refreshments,-35.6,2005.2,2024-01,Q1,
WLT-09309,2024-01-02,Abu Dhabi-Mussafah,Expense,Cleaning Supplies,-87.04,1918.16,2024-01,Q1,
WLT-09310,2024-01-03,Abu Dhabi-Mussafah,Expense,Consumables (Rags/Gloves),-100.0,1818.16,2024-01,Q1,Round-Number Review
WLT-09311,2024-01-04,Abu Dhabi-Mussafah,Expense,Cleaning Supplies,-84.28,1733.88,2024-01,Q1,
WLT-09312,2024-01-06,Abu Dhabi-Mussafah,Expense,Emergency Parts Run,-282.2,1451.68,2024-01,Q1,
WLT-09313,2024-01-06,Abu Dhabi-Mussafah,Expense,Cleaning Supplies,-135.55,1316.13,2024-01,Q1,
WLT-09314,2024-01-08,Abu Dhabi-Mussafah,Expense,Consumables (Rags/Gloves),-82.58,1233.55,2024-01,Q1,
WLT-09315,2024-01-08,Abu Dhabi-Mussafah,Expense,Stationary / Admin,-48.86,1184.69,2024-01,Q1,
WLT-09316,2024-01-08,Abu Dhabi-Mussafah,Expense,Parking / Toll,-31.12,1153.57,2024-01,Q1,
WLT-09317,2024-01-09,Abu Dhabi-Mussafah,Expense,Emergency Parts Run,-335.86,817.71,2024-01,Q1,
WLT-09318,2024-01-09,Abu Dhabi-Mussafah,Expense,Staff Refreshments,-51.3,766.41,2024-01,Q1,
WLT-09319,2024-01-10,Abu Dhabi-Mussafah,Expense,Small Tools,-227.09,539.32,2024-01,Q1,
WLT-09320,2024-01-10,Abu Dhabi-Mussafah,Expense,Cleaning Supplies,-100.0,439.32,2024-01,Q1,Round-Number Review
WLT-09321,2024-01-11,Abu Dhabi-Mussafah,Expense,Staff Refreshments,-35.14,404.18,2024-01,Q1,
WLT-09322,2024-01-15,Abu Dhabi-Mussafah,Top-Up,Mid-month petty cash replenishment,1000.0,1404.18,2024-01,Q1,
WLT-09323,2024-01-15,Abu Dhabi-Mussafah,Expense,Consumables (Rags/Gloves),-71.65,1332.53,2024-01,Q1,
WLT-09324,2024-01-15,Abu Dhabi-Mussafah,Expense,Cleaning Supplies,-134.79,1197.74,2024-01,Q1,
WLT-09325,2024-01-16,Abu Dhabi-Mussafah,Expense,Consumables (Rags/Gloves),-64.97,1132.77,2024-01,Q1,
WLT-09326,2024-01-18,Abu Dhabi-Mussafah,Expense,Emergency Parts Run,-319.78,812.99,2024-01,Q1,
WLT-09327,2024-01-18,Abu Dhabi-Mussafah,Expense,Emergency Parts Run,-350.97,462.02,2024-01,Q1,
WLT-09328,2024-01-20,Abu Dhabi-Mussafah,Expense,Staff Refreshments,-54.77,407.25,2024-01,Q1,
WLT-09329,2024-01-20,Abu Dhabi-Mussafah,Expense,Staff Refreshments,-55.76,351.49,2024-01,Q1,
WLT-09330,2024-01-21,Abu Dhabi-Mussafah,Expense,Fuel (Test Drive),-72.79,278.7,2024-01,Q1,
WLT-09331,2024-01-22,Abu Dhabi-Mussafah,Expense,Stationary / Admin,-51.47,227.23,2024-01,Q1,
WLT-09332,2024-01-23,Abu Dhabi-Mussafah,Expense,Staff Refreshments,-37.11,190.12,2024-01,Q1,
WLT-09333,2024-01-24,Abu Dhabi-Mussafah,Expense,Consumables (Rags/Gloves),-72.85,117.27,2024-01,Q1,
WLT-09334,2024-01-25,Abu Dhabi-Mussafah,Expense,Staff Refreshments,-46.1,71.17,2024-01,Q1,
WLT-09335,2024-01-29,Abu Dhabi-Mussafah,Expense,Stationary / Admin,-61.74,9.43,2024-01,Q1,
WLT-09336,2024-02-01,Abu Dhabi-Mussafah,Top-Up,Monthly petty cash top-up,2086.0,2095.43,2024-02,Q1,
WLT-09337,2024-02-01,Abu Dhabi-Mussafah,Expense,Fuel (Test Drive),-50.68,2044.75,2024-02,Q1,
WLT-09338,2024-02-03,Abu Dhabi-Mussafah,Expense,Staff Refreshments,-35.42,2009.33,2024-02,Q1,
WLT-09339,2024-02-03,Abu Dhabi-Mussafah,Expense,Small Tools,-160.92,1848.41,2024-02,Q1,
WLT-09340,2024-02-04,Abu Dhabi-Mussafah,Expense,Emergency Parts Run,-325.76,1522.65,2024-02,Q1,
WLT-09341,2024-02-05,Abu Dhabi-Mussafah,Expense,Staff Refreshments,-47.7,1474.95,2024-02,Q1,
WLT-09342,2024-02-06,Abu Dhabi-Mussafah,Expense,Small Tools,-244.89,1230.06,2024-02,Q1,
WLT-09343,2024-02-08,Abu Dhabi-Mussafah,Expense,Small Tools,-169.82,1060.24,2024-02,Q1,
WLT-09344,2024-02-10,Abu Dhabi-Mussafah,Expense,Fuel (Test Drive),-55.85,1004.39,2024-02,Q1,
WLT-09345,2024-02-10,Abu Dhabi-Mussafah,Expense,Staff Refreshments,-42.53,961.86,2024-02,Q1,
WLT-09346,2024-02-11,Abu Dhabi-Mussafah,Expense,Consumables (Rags/Gloves),-100.0,861.86,2024-02,Q1,Round-Number Review
WLT-09347,2024-02-12,Abu Dhabi-Mussafah,Expense,Staff Refreshments,-34.22,827.64,2024-02,Q1,
WLT-09348,2024-02-13,Abu Dhabi-Mussafah,Expense,Fuel (Test Drive),-56.98,770.66,2024-02,Q1,
WLT-09349,2024-02-15,Abu Dhabi-Mussafah,Expense,Staff Refreshments,-38.24,732.42,2024-02,Q1,
WLT-09350,2024-02-15,Abu Dhabi-Mussafah,Expense,Staff Refreshments,-43.74,688.68,2024-02,Q1,
WLT-09351,2024-02-17,Abu Dhabi-Mussafah,Expense,Staff Refreshments,-50.64,638.04,2024-02,Q1,
WLT-09352,2024-02-17,Abu Dhabi-Mussafah,Expense,Stationary / Admin,-48.57,589.47,2024-02,Q1,
WLT-09353,2024-02-19,Abu Dhabi-Mussafah,Expense,Staff Refreshments,-55.52,533.95,2024-02,Q1,
WLT-09354,2024-02-19,Abu Dhabi-Mussafah,Expense,Parking / Toll,-23.57,510.38,2024-02,Q1,
WLT-09355,2024-02-21,Abu Dhabi-Mussafah,Expense,Staff Refreshments,-50.0,460.38,2024-02,Q1,Round-Number Review
WLT-09356,2024-02-22,Abu Dhabi-Mussafah,Expense,Fuel (Test Drive),-50.82,409.56,2024-02,Q1,
WLT-09357,2024-02-24,Abu Dhabi-Mussafah,Expense,Emergency Parts Run,-323.19,86.37,2024-02,Q1,
WLT-09358,2024-02-26,Abu Dhabi-Mussafah,Expense,Stationary / Admin,-63.25,23.12,2024-02,Q1,
WLT-09359,2024-02-27,Abu Dhabi-Mussafah,Expense,Parking / Toll,-22.95,0.17,2024-02,Q1,
WLT-09360,2024-04-01,Abu Dhabi-Mussafah,Top-Up,Monthly petty cash top-up,2081.0,2081.17,2024-04,Q2,
WLT-09361,2024-04-01,Abu Dhabi-Mussafah,Expense,Emergency Parts Run,-252.28,1828.89,2024-04,Q2,
WLT-09362,2024-04-01,Abu Dhabi-Mussafah,Expense,Cleaning Supplies,-112.3,1716.59,2024-04,Q2,
WLT-09363,2024-04-02,Abu Dhabi-Mussafah,Expense,Staff Refreshments,-42.19,1674.4,2024-04,Q2,
WLT-09364,2024-04-02,Abu Dhabi-Mussafah,Expense,Staff Refreshments,-42.92,1631.48,2024-04,Q2,
WLT-09365,2024-04-03,Abu Dhabi-Mussafah,Expense,Small Tools,-154.15,1477.33,2024-04,Q2,
WLT-09366,2024-04-04,Abu Dhabi-Mussafah,Expense,Fuel (Test Drive),-73.6,1403.73,2024-04,Q2,
WLT-09367,2024-04-06,Abu Dhabi-Mussafah,Expense,Emergency Parts Run,-331.86,1071.87,2024-04,Q2,
WLT-09368,2024-04-07,Abu Dhabi-Mussafah,Expense,Small Tools,-150.0,921.87,2024-04,Q2,Round-Number Review
WLT-09369,2024-04-07,Abu Dhabi-Mussafah,Expense,Consumables (Rags/Gloves),-99.97,821.9,2024-04,Q2,
WLT-09370,2024-04-07,Abu Dhabi-Mussafah,Expense,Consumables (Rags/Gloves),-69.75,752.15,2024-04,Q2,
WLT-09371,2024-04-08,Abu Dhabi-Mussafah,Expense,Cleaning Supplies,-104.57,647.58,2024-04,Q2,
WLT-09372,2024-04-08,Abu Dhabi-Mussafah,Expense,Staff Refreshments,-46.54,601.04,2024-04,Q2,
WLT-09373,2024-04-09,Abu Dhabi-Mussafah,Expense,Parking / Toll,-26.79,574.25,2024-04,Q2,
WLT-09374,2024-04-09,Abu Dhabi-Mussafah,Expense,Parking / Toll,-19.54,554.71,2024-04,Q2,
WLT-09375,2024-04-10,Abu Dhabi-Mussafah,Expense,Emergency Parts Run,-314.36,240.35,2024-04,Q2,
WLT-09376,2024-04-11,Abu Dhabi-Mussafah,Expense,Cleaning Supplies,-100.71,139.64,2024-04,Q2,
WLT-09377,2024-04-13,Abu Dhabi-Mussafah,Expense,Fuel (Test Drive),-53.65,85.99,2024-04,Q2,
WLT-09378,2024-04-13,Abu Dhabi-Mussafah,Expense,Staff Refreshments,-53.84,32.15,2024-04,Q2,
WLT-09379,2024-04-15,Abu Dhabi-Mussafah,Top-Up,Mid-month petty cash replenishment,1000.0,1032.15,2024-04,Q2,
WLT-09380,2024-04-15,Abu Dhabi-Mussafah,Expense,Staff Refreshments,-34.51,997.64,2024-04,Q2,
WLT-09381,2024-04-16,Abu Dhabi-Mussafah,Expense,Staff Refreshments,-51.05,946.59,2024-04,Q2,
WLT-09382,2024-04-17,Abu Dhabi-Mussafah,Expense,Cleaning Supplies,-130.08,816.51,2024-04,Q2,
WLT-09383,2024-04-20,Abu Dhabi-Mussafah,Expense,Consumables (Rags/Gloves),-82.92,733.59,2024-04,Q2,
WLT-09384,2024-04-20,Abu Dhabi-Mussafah,Expense,Small Tools,-160.25,573.34,2024-04,Q2,
WLT-09385,2024-04-22,Abu Dhabi-Mussafah,Expense,Consumables (Rags/Gloves),-87.15,486.19,2024-04,Q2,
WLT-09386,2024-04-23,Abu Dhabi-Mussafah,Expense,Emergency Parts Run,-328.29,157.9,2024-04,Q2,
WLT-09387,2024-04-24,Abu Dhabi-Mussafah,Expense,Staff Refreshments,-44.18,113.72,2024-04,Q2,
WLT-09388,2024-04-28,Abu Dhabi-Mussafah,Expense,Parking / Toll,-30.11,83.61,2024-04,Q2,
WLT-09389,2024-04-28,Abu Dhabi-Mussafah,Expense,Fuel (Test Drive),-50.23,33.38,2024-04,Q2,
WLT-09390,2024-05-01,Abu Dhabi-Mussafah,Top-Up,Monthly petty cash top-up,1982.0,2015.38,2024-05,Q2,
WLT-09391,2024-05-02,Abu Dhabi-Mussafah,Expense,Consumables (Rags/Gloves),-97.37,1918.01,2024-05,Q2,
WLT-09392,2024-05-04,Abu Dhabi-Mussafah,Expense,Fuel (Test Drive),-56.49,1861.52,2024-05,Q2,
WLT-09393,2024-05-07,Abu Dhabi-Mussafah,Expense,Small Tools,-224.76,1636.76,2024-05,Q2,
WLT-09394,2024-05-07,Abu Dhabi-Mussafah,Expense,Emergency Parts Run,-345.09,1291.67,2024-05,Q2,
WLT-09395,2024-05-08,Abu Dhabi-Mussafah,Expense,Consumables (Rags/Gloves),-100.0,1191.67,2024-05,Q2,Round-Number Review
WLT-09396,2024-05-11,Abu Dhabi-Mussafah,Expense,Cleaning Supplies,-131.33,1060.34,2024-05,Q2,
WLT-09397,2024-05-12,Abu Dhabi-Mussafah,Expense,Fuel (Test Drive),-67.05,993.29,2024-05,Q2,
WLT-09398,2024-05-13,Abu Dhabi-Mussafah,Expense,Staff Refreshments,-51.92,941.37,2024-05,Q2,
WLT-09399,2024-05-13,Abu Dhabi-Mussafah,Expense,Fuel (Test Drive),-54.37,887.0,2024-05,Q2,
WLT-09400,2024-05-14,Abu Dhabi-Mussafah,Expense,Fuel (Test Drive),-67.11,819.89,2024-05,Q2,
WLT-09401,2024-05-15,Abu Dhabi-Mussafah,Expense,Cleaning Supplies,-87.37,732.52,2024-05,Q2,
WLT-09402,2024-05-16,Abu Dhabi-Mussafah,Expense,Emergency Parts Run,-286.81,445.71,2024-05,Q2,
WLT-09403,2024-05-16,Abu Dhabi-Mussafah,Expense,Consumables (Rags/Gloves),-68.9,376.81,2024-05,Q2,
WLT-09404,2024-05-18,Abu Dhabi-Mussafah,Expense,Consumables (Rags/Gloves),-87.26,289.55,2024-05,Q2,
WLT-09405,2024-05-19,Abu Dhabi-Mussafah,Expense,Cleaning Supplies,-100.1,189.45,2024-05,Q2,
WLT-09406,2024-05-20,Abu Dhabi-Mussafah,Expense,Consumables (Rags/Gloves),-92.6,96.85,2024-05,Q2,
WLT-09407,2024-05-20,Abu Dhabi-Mussafah,Expense,Fuel (Test Drive),-45.41,51.44,2024-05,Q2,
WLT-09408,2024-05-28,Abu Dhabi-Mussafah,Expense,Staff Refreshments,-38.53,12.91,2024-05,Q2,
WLT-09409,2024-06-01,Abu Dhabi-Mussafah,Top-Up,Monthly petty cash top-up,2102.0,2114.91,2024-06,Q2,
WLT-09410,2024-06-01,Abu Dhabi-Mussafah,Expense,Emergency Parts Run,-377.37,1737.54,2024-06,Q2,
WLT-09411,2024-06-02,Abu Dhabi-Mussafah,Expense,Consumables (Rags/Gloves),-75.24,1662.3,2024-06,Q2,
WLT-09412,2024-06-03,Abu Dhabi-Mussafah,Expense,Stationary / Admin,-64.77,1597.53,2024-06,Q2,
WLT-09413,2024-06-04,Abu Dhabi-Mussafah,Expense,Staff Refreshments,-52.91,1544.62,2024-06,Q2,
WLT-09414,2024-06-05,Abu Dhabi-Mussafah,Expense,Fuel (Test Drive),-51.7,1492.92,2024-06,Q2,
WLT-09415,2024-06-05,Abu Dhabi-Mussafah,Expense,Consumables (Rags/Gloves),-82.73,1410.19,2024-06,Q2,
WLT-09416,2024-06-06,Abu Dhabi-Mussafah,Expense,Emergency Parts Run,-322.87,1087.32,2024-06,Q2,
WLT-09417,2024-06-08,Abu Dhabi-Mussafah,Expense,Emergency Parts Run,-342.93,744.39,2024-06,Q2,
WLT-09418,2024-06-10,Abu Dhabi-Mussafah,Expense,Staff Refreshments,-40.85,703.54,2024-06,Q2,
WLT-09419,2024-06-11,Abu Dhabi-Mussafah,Expense,Small Tools,-230.73,472.81,2024-06,Q2,
WLT-09420,2024-06-11,Abu Dhabi-Mussafah,Expense,Stationary / Admin,-65.21,407.6,2024-06,Q2,
WLT-09421,2024-06-12,Abu Dhabi-Mussafah,Expense,Staff Refreshments,-54.86,352.74,2024-06,Q2,
WLT-09422,2024-06-13,Abu Dhabi-Mussafah,Expense,Consumables (Rags/Gloves),-87.58,265.16,2024-06,Q2,
WLT-09423,2024-06-15,Abu Dhabi-Mussafah,Top-Up,Mid-month petty cash replenishment,1000.0,1265.16,2024-06,Q2,
WLT-09424,2024-06-15,Abu Dhabi-Mussafah,Expense,Cleaning Supplies,-83.37,1181.79,2024-06,Q2,
WLT-09425,2024-06-16,Abu Dhabi-Mussafah,Expense,Emergency Parts Run,-250.57,931.22,2024-06,Q2,
WLT-09426,2024-06-16,Abu Dhabi-Mussafah,Expense,Staff Refreshments,-43.75,887.47,2024-06,Q2,
WLT-09427,2024-06-17,Abu Dhabi-Mussafah,Expense,Fuel (Test Drive),-68.47,819.0,2024-06,Q2,
WLT-09428,2024-06-17,Abu Dhabi-Mussafah,Expense,Small Tools,-204.66,614.34,2024-06,Q2,
WLT-09429,2024-06-18,Abu Dhabi-Mussafah,Expense,Cleaning Supplies,-102.67,511.67,2024-06,Q2,
WLT-09430,2024-06-18,Abu Dhabi-Mussafah,Expense,Parking / Toll,-26.08,485.59,2024-06,Q2,
WLT-09431,2024-06-19,Abu Dhabi-Mussafah,Expense,Fuel (Test Drive),-54.59,431.0,2024-06,Q2,
WLT-09432,2024-06-20,Abu Dhabi-Mussafah,Expense,Parking / Toll,-20.4,410.6,2024-06,Q2,
WLT-09433,2024-06-22,Abu Dhabi-Mussafah,Expense,Small Tools,-197.4,213.2,2024-06,Q2,
WLT-09434,2024-06-22,Abu Dhabi-Mussafah,Expense,Cleaning Supplies,-103.89,109.31,2024-06,Q2,
WLT-09435,2024-06-25,Abu Dhabi-Mussafah,Expense,Parking / Toll,-25.53,83.78,2024-06,Q2,
WLT-09436,2024-06-25,Abu Dhabi-Mussafah,Expense,Staff Refreshments,-53.14,30.64,2024-06,Q2,
WLT-09437,2024-07-01,Abu Dhabi-Mussafah,Top-Up,Monthly petty cash top-up,2103.0,2133.64,2024-07,Q3,
WLT-09438,2024-07-02,Abu Dhabi-Mussafah,Expense,Cleaning Supplies,-113.64,2020.0,2024-07,Q3,
WLT-09439,2024-07-03,Abu Dhabi-Mussafah,Expense,Emergency Parts Run,-329.59,1690.41,2024-07,Q3,
WLT-09440,2024-07-04,Abu Dhabi-Mussafah,Expense,Fuel (Test Drive),-52.26,1638.15,2024-07,Q3,
WLT-09441,2024-07-04,Abu Dhabi-Mussafah,Expense,Cleaning Supplies,-107.9,1530.25,2024-07,Q3,
WLT-09442,2024-07-04,Abu Dhabi-Mussafah,Expense,Staff Refreshments,-50.17,1480.08,2024-07,Q3,
WLT-09443,2024-07-06,Abu Dhabi-Mussafah,Expense,Cleaning Supplies,-86.07,1394.01,2024-07,Q3,
WLT-09444,2024-07-07,Abu Dhabi-Mussafah,Expense,Parking / Toll,-18.98,1375.03,2024-07,Q3,
WLT-09445,2024-07-10,Abu Dhabi-Mussafah,Expense,Small Tools,-197.47,1177.56,2024-07,Q3,
WLT-09446,2024-07-13,Abu Dhabi-Mussafah,Expense,Emergency Parts Run,-308.98,868.58,2024-07,Q3,
WLT-09447,2024-07-14,Abu Dhabi-Mussafah,Expense,Emergency Parts Run,-280.9,587.68,2024-07,Q3,
WLT-09448,2024-07-15,Abu Dhabi-Mussafah,Top-Up,Mid-month petty cash replenishment,1000.0,1587.68,2024-07,Q3,
WLT-09449,2024-07-15,Abu Dhabi-Mussafah,Expense,Consumables (Rags/Gloves),-94.88,1492.8,2024-07,Q3,
WLT-09450,2024-07-15,Abu Dhabi-Mussafah,Expense,Staff Refreshments,-39.89,1452.91,2024-07,Q3,
WLT-09451,2024-07-16,Abu Dhabi-Mussafah,Expense,Emergency Parts Run,-339.83,1113.08,2024-07,Q3,
WLT-09452,2024-07-17,Abu Dhabi-Mussafah,Expense,Staff Refreshments,-55.66,1057.42,2024-07,Q3,
WLT-09453,2024-07-18,Abu Dhabi-Mussafah,Expense,Staff Refreshments,-42.39,1015.03,2024-07,Q3,
WLT-09454,2024-07-20,Abu Dhabi-Mussafah,Expense,Parking / Toll,-18.78,996.25,2024-07,Q3,
WLT-09455,2024-07-20,Abu Dhabi-Mussafah,Expense,Fuel (Test Drive),-47.45,948.8,2024-07,Q3,
WLT-09456,2024-07-21,Abu Dhabi-Mussafah,Expense,Consumables (Rags/Gloves),-94.83,853.97,2024-07,Q3,
WLT-09457,2024-07-21,Abu Dhabi-Mussafah,Expense,Cleaning Supplies,-128.99,724.98,2024-07,Q3,
WLT-09458,2024-07-22,Abu Dhabi-Mussafah,Expense,Parking / Toll,-21.75,703.23,2024-07,Q3,
WLT-09459,2024-07-22,Abu Dhabi-Mussafah,Expense,Staff Refreshments,-52.43,650.8,2024-07,Q3,
WLT-09460,2024-07-23,Abu Dhabi-Mussafah,Expense,Parking / Toll,-50.0,600.8,2024-07,Q3,Round-Number Review
WLT-09461,2024-07-23,Abu Dhabi-Mussafah,Expense,Fuel (Test Drive),-55.48,545.32,2024-07,Q3,
WLT-09462,2024-07-24,Abu Dhabi-Mussafah,Expense,Stationary / Admin,-66.68,478.64,2024-07,Q3,
WLT-09463,2024-07-25,Abu Dhabi-Mussafah,Expense,Cleaning Supplies,-106.63,372.01,2024-07,Q3,
WLT-09464,2024-07-25,Abu Dhabi-Mussafah,Expense,Emergency Parts Run,-312.51,59.5,2024-07,Q3,
WLT-09465,2024-07-29,Abu Dhabi-Mussafah,Expense,Stationary / Admin,-41.4,18.1,2024-07,Q3,
WLT-09466,2024-08-01,Abu Dhabi-Mussafah,Top-Up,Monthly petty cash top-up,1891.0,1909.1,2024-08,Q3,
WLT-09467,2024-08-01,Abu Dhabi-Mussafah,Expense,Staff Refreshments,-43.27,1865.83,2024-08,Q3,
WLT-09468,2024-08-03,Abu Dhabi-Mussafah,Expense,Stationary / Admin,-59.94,1805.89,2024-08,Q3,
WLT-09469,2024-08-04,Abu Dhabi-Mussafah,Expense,Fuel (Test Drive),-61.35,1744.54,2024-08,Q3,
WLT-09470,2024-08-05,Abu Dhabi-Mussafah,Expense,Cleaning Supplies,-99.82,1644.72,2024-08,Q3,
WLT-09471,2024-08-06,Abu Dhabi-Mussafah,Expense,Cleaning Supplies,-91.56,1553.16,2024-08,Q3,
WLT-09472,2024-08-07,Abu Dhabi-Mussafah,Expense,Fuel (Test Drive),-67.67,1485.49,2024-08,Q3,
WLT-09473,2024-08-08,Abu Dhabi-Mussafah,Expense,Emergency Parts Run,-267.8,1217.69,2024-08,Q3,
WLT-09474,2024-08-08,Abu Dhabi-Mussafah,Expense,Cleaning Supplies,-120.56,1097.13,2024-08,Q3,
WLT-09475,2024-08-10,Abu Dhabi-Mussafah,Expense,Fuel (Test Drive),-58.83,1038.3,2024-08,Q3,
WLT-09476,2024-08-10,Abu Dhabi-Mussafah,Expense,Stationary / Admin,-50.58,987.72,2024-08,Q3,
WLT-09477,2024-08-10,Abu Dhabi-Mussafah,Expense,Staff Refreshments,-39.95,947.77,2024-08,Q3,
WLT-09478,2024-08-12,Abu Dhabi-Mussafah,Expense,Staff Refreshments,-46.04,901.73,2024-08,Q3,
WLT-09479,2024-08-12,Abu Dhabi-Mussafah,Expense,Consumables (Rags/Gloves),-67.04,834.69,2024-08,Q3,
WLT-09480,2024-08-13,Abu Dhabi-Mussafah,Expense,Staff Refreshments,-46.4,788.29,2024-08,Q3,
WLT-09481,2024-08-13,Abu Dhabi-Mussafah,Expense,Staff Refreshments,-37.35,750.94,2024-08,Q3,
WLT-09482,2024-08-14,Abu Dhabi-Mussafah,Expense,Small Tools,-208.55,542.39,2024-08,Q3,
WLT-09483,2024-08-15,Abu Dhabi-Mussafah,Top-Up,Mid-month petty cash replenishment,1000.0,1542.39,2024-08,Q3,
WLT-09484,2024-08-15,Abu Dhabi-Mussafah,Expense,Small Tools,-232.11,1310.28,2024-08,Q3,
WLT-09485,2024-08-15,Abu Dhabi-Mussafah,Expense,Staff Refreshments,-50.0,1260.28,2024-08,Q3,Round-Number Review
WLT-09486,2024-08-17,Abu Dhabi-Mussafah,Expense,Consumables (Rags/Gloves),-98.92,1161.36,2024-08,Q3,
WLT-09487,2024-08-19,Abu Dhabi-Mussafah,Expense,Staff Refreshments,-55.5,1105.86,2024-08,Q3,
WLT-09488,2024-08-19,Abu Dhabi-Mussafah,Expense,Stationary / Admin,-63.02,1042.84,2024-08,Q3,
WLT-09489,2024-08-20,Abu Dhabi-Mussafah,Expense,Cleaning Supplies,-132.99,909.85,2024-08,Q3,
WLT-09490,2024-08-21,Abu Dhabi-Mussafah,Expense,Consumables (Rags/Gloves),-102.63,807.22,2024-08,Q3,
WLT-09491,2024-08-21,Abu Dhabi-Mussafah,Expense,Consumables (Rags/Gloves),-104.04,703.18,2024-08,Q3,
WLT-09492,2024-08-22,Abu Dhabi-Mussafah,Expense,Emergency Parts Run,-283.09,420.09,2024-08,Q3,
WLT-09493,2024-08-24,Abu Dhabi-Mussafah,Expense,Small Tools,-153.72,266.37,2024-08,Q3,
WLT-09494,2024-08-24,Abu Dhabi-Mussafah,Expense,Fuel (Test Drive),-56.42,209.95,2024-08,Q3,
WLT-09495,2024-08-25,Abu Dhabi-Mussafah,Expense,Staff Refreshments,-45.27,164.68,2024-08,Q3,
WLT-09496,2024-08-25,Abu Dhabi-Mussafah,Expense,Cleaning Supplies,-107.42,57.26,2024-08,Q3,
WLT-09497,2024-08-27,Abu Dhabi-Mussafah,Expense,Fuel (Test Drive),-51.63,5.63,2024-08,Q3,
WLT-09498,2024-09-01,Abu Dhabi-Mussafah,Top-Up,Monthly petty cash top-up,1966.0,1971.63,2024-09,Q3,
WLT-09499,2024-09-01,Abu Dhabi-Mussafah,Expense,Emergency Parts Run,-383.42,1588.21,2024-09,Q3,
WLT-09500,2024-09-01,Abu Dhabi-Mussafah,Expense,Parking / Toll,-27.11,1561.1,2024-09,Q3,
WLT-09501,2024-09-02,Abu Dhabi-Mussafah,Expense,Emergency Parts Run,-263.86,1297.24,2024-09,Q3,
WLT-09502,2024-09-02,Abu Dhabi-Mussafah,Expense,Staff Refreshments,-50.07,1247.17,2024-09,Q3,
WLT-09503,2024-09-05,Abu Dhabi-Mussafah,Expense,Staff Refreshments,-46.54,1200.63,2024-09,Q3,
WLT-09504,2024-09-07,Abu Dhabi-Mussafah,Expense,Parking / Toll,-29.97,1170.66,2024-09,Q3,
WLT-09505,2024-09-08,Abu Dhabi-Mussafah,Expense,Stationary / Admin,-47.94,1122.72,2024-09,Q3,
WLT-09506,2024-09-08,Abu Dhabi-Mussafah,Expense,Staff Refreshments,-53.12,1069.6,2024-09,Q3,
WLT-09507,2024-09-09,Abu Dhabi-Mussafah,Expense,Fuel (Test Drive),-53.94,1015.66,2024-09,Q3,
WLT-09508,2024-09-10,Abu Dhabi-Mussafah,Expense,Parking / Toll,-28.32,987.34,2024-09,Q3,
WLT-09509,2024-09-10,Abu Dhabi-Mussafah,Expense,Parking / Toll,-21.4,965.94,2024-09,Q3,
WLT-09510,2024-09-11,Abu Dhabi-Mussafah,Expense,Staff Refreshments,-40.34,925.6,2024-09,Q3,
WLT-09511,2024-09-12,Abu Dhabi-Mussafah,Expense,Stationary / Admin,-48.93,876.67,2024-09,Q3,
WLT-09512,2024-09-15,Abu Dhabi-Mussafah,Expense,Consumables (Rags/Gloves),-68.4,808.27,2024-09,Q3,
WLT-09513,2024-09-15,Abu Dhabi-Mussafah,Expense,Consumables (Rags/Gloves),-105.08,703.19,2024-09,Q3,
WLT-09514,2024-09-16,Abu Dhabi-Mussafah,Expense,Fuel (Test Drive),-74.35,628.84,2024-09,Q3,
WLT-09515,2024-09-18,Abu Dhabi-Mussafah,Expense,Staff Refreshments,-55.03,573.81,2024-09,Q3,
WLT-09516,2024-09-19,Abu Dhabi-Mussafah,Expense,Stationary / Admin,-44.77,529.04,2024-09,Q3,
WLT-09517,2024-09-21,Abu Dhabi-Mussafah,Expense,Cleaning Supplies,-121.8,407.24,2024-09,Q3,
WLT-09518,2024-09-23,Abu Dhabi-Mussafah,Expense,Staff Refreshments,-35.93,371.31,2024-09,Q3,
WLT-09519,2024-09-24,Abu Dhabi-Mussafah,Expense,Staff Refreshments,-34.91,336.4,2024-09,Q3,
WLT-09520,2024-09-24,Abu Dhabi-Mussafah,Expense,Parking / Toll,-21.96,314.44,2024-09,Q3,
WLT-09521,2024-09-25,Abu Dhabi-Mussafah,Expense,Cleaning Supplies,-135.39,179.05,2024-09,Q3,
WLT-09522,2024-09-26,Abu Dhabi-Mussafah,Expense,Consumables (Rags/Gloves),-84.61,94.44,2024-09,Q3,
WLT-09523,2024-09-26,Abu Dhabi-Mussafah,Expense,Stationary / Admin,-62.07,32.37,2024-09,Q3,
WLT-09524,2024-10-01,Abu Dhabi-Mussafah,Top-Up,Monthly petty cash top-up,2093.0,2125.37,2024-10,Q4,
WLT-09525,2024-10-01,Abu Dhabi-Mussafah,Expense,Staff Refreshments,-34.76,2090.61,2024-10,Q4,
WLT-09526,2024-10-02,Abu Dhabi-Mussafah,Expense,Small Tools,-211.71,1878.9,2024-10,Q4,
WLT-09527,2024-10-02,Abu Dhabi-Mussafah,Expense,Small Tools,-214.65,1664.25,2024-10,Q4,
WLT-09528,2024-10-03,Abu Dhabi-Mussafah,Expense,Consumables (Rags/Gloves),-75.92,1588.33,2024-10,Q4,
WLT-09529,2024-10-06,Abu Dhabi-Mussafah,Expense,Consumables (Rags/Gloves),-81.81,1506.52,2024-10,Q4,
WLT-09530,2024-10-06,Abu Dhabi-Mussafah,Expense,Consumables (Rags/Gloves),-97.35,1409.17,2024-10,Q4,
WLT-09531,2024-10-07,Abu Dhabi-Mussafah,Expense,Stationary / Admin,-67.35,1341.82,2024-10,Q4,
WLT-09532,2024-10-08,Abu Dhabi-Mussafah,Expense,Emergency Parts Run,-343.98,997.84,2024-10,Q4,
WLT-09533,2024-10-08,Abu Dhabi-Mussafah,Expense,Staff Refreshments,-56.04,941.8,2024-10,Q4,
WLT-09534,2024-10-09,Abu Dhabi-Mussafah,Expense,Fuel (Test Drive),-72.05,869.75,2024-10,Q4,
WLT-09535,2024-10-10,Abu Dhabi-Mussafah,Expense,Cleaning Supplies,-107.26,762.49,2024-10,Q4,
WLT-09536,2024-10-12,Abu Dhabi-Mussafah,Expense,Stationary / Admin,-52.46,710.03,2024-10,Q4,
WLT-09537,2024-10-12,Abu Dhabi-Mussafah,Expense,Small Tools,-225.35,484.68,2024-10,Q4,
WLT-09538,2024-10-12,Abu Dhabi-Mussafah,Expense,Stationary / Admin,-51.55,433.13,2024-10,Q4,
WLT-09539,2024-10-13,Abu Dhabi-Mussafah,Expense,Staff Refreshments,-44.5,388.63,2024-10,Q4,
WLT-09540,2024-10-14,Abu Dhabi-Mussafah,Expense,Staff Refreshments,-40.58,348.05,2024-10,Q4,
WLT-09541,2024-10-15,Abu Dhabi-Mussafah,Top-Up,Mid-month petty cash replenishment,1000.0,1348.05,2024-10,Q4,
WLT-09542,2024-10-15,Abu Dhabi-Mussafah,Expense,Consumables (Rags/Gloves),-95.1,1252.95,2024-10,Q4,
WLT-09543,2024-10-15,Abu Dhabi-Mussafah,Expense,Emergency Parts Run,-369.45,883.5,2024-10,Q4,
WLT-09544,2024-10-16,Abu Dhabi-Mussafah,Expense,Small Tools,-213.6,669.9,2024-10,Q4,
WLT-09545,2024-10-17,Abu Dhabi-Mussafah,Expense,Fuel (Test Drive),-47.68,622.22,2024-10,Q4,
WLT-09546,2024-10-19,Abu Dhabi-Mussafah,Expense,Cleaning Supplies,-129.12,493.1,2024-10,Q4,
WLT-09547,2024-10-19,Abu Dhabi-Mussafah,Expense,Stationary / Admin,-66.94,426.16,2024-10,Q4,
WLT-09548,2024-10-20,Abu Dhabi-Mussafah,Expense,Parking / Toll,-19.27,406.89,2024-10,Q4,
WLT-09549,2024-10-20,Abu Dhabi-Mussafah,Expense,Consumables (Rags/Gloves),-76.34,330.55,2024-10,Q4,
WLT-09550,2024-10-21,Abu Dhabi-Mussafah,Expense,Consumables (Rags/Gloves),-66.0,264.55,2024-10,Q4,
WLT-09551,2024-10-22,Abu Dhabi-Mussafah,Expense,Cleaning Supplies,-121.01,143.54,2024-10,Q4,
WLT-09552,2024-10-22,Abu Dhabi-Mussafah,Expense,Consumables (Rags/Gloves),-99.21,44.33,2024-10,Q4,
WLT-09553,2024-10-28,Abu Dhabi-Mussafah,Expense,Staff Refreshments,-39.82,4.51,2024-10,Q4,
WLT-09554,2024-12-01,Abu Dhabi-Mussafah,Top-Up,Monthly petty cash top-up,1917.0,1921.51,2024-12,Q4,
WLT-09555,2024-12-01,Abu Dhabi-Mussafah,Expense,Stationary / Admin,-67.33,1854.18,2024-12,Q4,
WLT-09556,2024-12-02,Abu Dhabi-Mussafah,Expense,Consumables (Rags/Gloves),-97.86,1756.32,2024-12,Q4,
WLT-09557,2024-12-02,Abu Dhabi-Mussafah,Expense,Staff Refreshments,-36.87,1719.45,2024-12,Q4,
WLT-09558,2024-12-02,Abu Dhabi-Mussafah,Expense,Fuel (Test Drive),-55.96,1663.49,2024-12,Q4,
WLT-09559,2024-12-03,Abu Dhabi-Mussafah,Expense,Emergency Parts Run,-252.69,1410.8,2024-12,Q4,
WLT-09560,2024-12-03,Abu Dhabi-Mussafah,Expense,Consumables (Rags/Gloves),-76.48,1334.32,2024-12,Q4,
WLT-09561,2024-12-04,Abu Dhabi-Mussafah,Expense,Parking / Toll,-30.38,1303.94,2024-12,Q4,
WLT-09562,2024-12-04,Abu Dhabi-Mussafah,Expense,Small Tools,-247.56,1056.38,2024-12,Q4,
WLT-09563,2024-12-09,Abu Dhabi-Mussafah,Expense,Consumables (Rags/Gloves),-99.91,956.47,2024-12,Q4,
WLT-09564,2024-12-10,Abu Dhabi-Mussafah,Expense,Fuel (Test Drive),-46.09,910.38,2024-12,Q4,
WLT-09565,2024-12-10,Abu Dhabi-Mussafah,Expense,Consumables (Rags/Gloves),-89.4,820.98,2024-12,Q4,
WLT-09566,2024-12-11,Abu Dhabi-Mussafah,Expense,Cleaning Supplies,-130.87,690.11,2024-12,Q4,
WLT-09567,2024-12-12,Abu Dhabi-Mussafah,Expense,Stationary / Admin,-48.73,641.38,2024-12,Q4,
WLT-09568,2024-12-14,Abu Dhabi-Mussafah,Expense,Fuel (Test Drive),-64.85,576.53,2024-12,Q4,
WLT-09569,2024-12-15,Abu Dhabi-Mussafah,Top-Up,Mid-month petty cash replenishment,1000.0,1576.53,2024-12,Q4,
WLT-09570,2024-12-15,Abu Dhabi-Mussafah,Expense,Cleaning Supplies,-89.67,1486.86,2024-12,Q4,
WLT-09571,2024-12-15,Abu Dhabi-Mussafah,Expense,Small Tools,-158.98,1327.88,2024-12,Q4,
WLT-09572,2024-12-17,Abu Dhabi-Mussafah,Expense,Staff Refreshments,-48.88,1279.0,2024-12,Q4,
WLT-09573,2024-12-17,Abu Dhabi-Mussafah,Expense,Fuel (Test Drive),-61.77,1217.23,2024-12,Q4,
WLT-09574,2024-12-18,Abu Dhabi-Mussafah,Expense,Fuel (Test Drive),-46.43,1170.8,2024-12,Q4,
WLT-09575,2024-12-19,Abu Dhabi-Mussafah,Expense,Staff Refreshments,-37.88,1132.92,2024-12,Q4,
WLT-09576,2024-12-21,Abu Dhabi-Mussafah,Expense,Fuel (Test Drive),-69.39,1063.53,2024-12,Q4,
WLT-09577,2024-12-21,Abu Dhabi-Mussafah,Expense,Emergency Parts Run,-367.37,696.16,2024-12,Q4,
WLT-09578,2024-12-22,Abu Dhabi-Mussafah,Expense,Consumables (Rags/Gloves),-87.45,608.71,2024-12,Q4,
WLT-09579,2024-12-22,Abu Dhabi-Mussafah,Expense,Staff Refreshments,-35.76,572.95,2024-12,Q4,
WLT-09580,2024-12-23,Abu Dhabi-Mussafah,Expense,Fuel (Test Drive),-47.55,525.4,2024-12,Q4,
WLT-09581,2024-12-24,Abu Dhabi-Mussafah,Expense,Consumables (Rags/Gloves),-95.31,430.09,2024-12,Q4,
WLT-09582,2024-12-24,Abu Dhabi-Mussafah,Expense,Staff Refreshments,-49.66,380.43,2024-12,Q4,
WLT-09583,2024-12-25,Abu Dhabi-Mussafah,Expense,Small Tools,-223.62,156.81,2024-12,Q4,
WLT-09584,2024-12-25,Abu Dhabi-Mussafah,Expense,Stationary / Admin,-51.04,105.77,2024-12,Q4,
WLT-09585,2024-12-25,Abu Dhabi-Mussafah,Expense,Consumables (Rags/Gloves),-68.51,37.26,2024-12,Q4,
WLT-09586,2024-12-26,Abu Dhabi-Mussafah,Expense,Parking / Toll,-30.7,6.56,2024-12,Q4,
WLT-09587,2024-01-01,Sharjah-Industrial,Top-Up,Monthly petty cash top-up,1538.0,1538.0,2024-01,Q1,
WLT-09588,2024-01-01,Sharjah-Industrial,Expense,Fuel (Test Drive),-61.36,1476.64,2024-01,Q1,
WLT-09589,2024-01-02,Sharjah-Industrial,Expense,Cleaning Supplies,-90.54,1386.1,2024-01,Q1,
WLT-09590,2024-01-02,Sharjah-Industrial,Expense,Consumables (Rags/Gloves),-65.1,1321.0,2024-01,Q1,
WLT-09591,2024-01-04,Sharjah-Industrial,Expense,Staff Refreshments,-47.78,1273.22,2024-01,Q1,
WLT-09592,2024-01-07,Sharjah-Industrial,Expense,Fuel (Test Drive),-63.94,1209.28,2024-01,Q1,
WLT-09593,2024-01-08,Sharjah-Industrial,Expense,Consumables (Rags/Gloves),-82.05,1127.23,2024-01,Q1,
WLT-09594,2024-01-09,Sharjah-Industrial,Expense,Consumables (Rags/Gloves),-77.76,1049.47,2024-01,Q1,
WLT-09595,2024-01-09,Sharjah-Industrial,Expense,Parking / Toll,-23.81,1025.66,2024-01,Q1,
WLT-09596,2024-01-10,Sharjah-Industrial,Expense,Parking / Toll,-22.98,1002.68,2024-01,Q1,
WLT-09597,2024-01-11,Sharjah-Industrial,Expense,Stationary / Admin,-58.01,944.67,2024-01,Q1,
WLT-09598,2024-01-13,Sharjah-Industrial,Expense,Consumables (Rags/Gloves),-94.92,849.75,2024-01,Q1,
WLT-09599,2024-01-13,Sharjah-Industrial,Expense,Cleaning Supplies,-137.25,712.5,2024-01,Q1,
WLT-09600,2024-01-15,Sharjah-Industrial,Expense,Small Tools,-151.1,561.4,2024-01,Q1,
WLT-09601,2024-01-15,Sharjah-Industrial,Expense,Fuel (Test Drive),-57.07,504.33,2024-01,Q1,
WLT-09602,2024-01-16,Sharjah-Industrial,Expense,Consumables (Rags/Gloves),-70.68,433.65,2024-01,Q1,
WLT-09603,2024-01-17,Sharjah-Industrial,Expense,Staff Refreshments,-53.89,379.76,2024-01,Q1,
WLT-09604,2024-01-17,Sharjah-Industrial,Expense,Fuel (Test Drive),-69.81,309.95,2024-01,Q1,
WLT-09605,2024-01-18,Sharjah-Industrial,Expense,Fuel (Test Drive),-46.06,263.89,2024-01,Q1,
WLT-09606,2024-01-21,Sharjah-Industrial,Expense,Emergency Parts Run,-261.35,2.54,2024-01,Q1,
WLT-09607,2024-02-01,Sharjah-Industrial,Top-Up,Monthly petty cash top-up,1300.0,1302.54,2024-02,Q1,
WLT-09608,2024-02-01,Sharjah-Industrial,Expense,Staff Refreshments,-51.87,1250.67,2024-02,Q1,
WLT-09609,2024-02-03,Sharjah-Industrial,Expense,Staff Refreshments,-56.08,1194.59,2024-02,Q1,
WLT-09610,2024-02-04,Sharjah-Industrial,Expense,Stationary / Admin,-66.81,1127.78,2024-02,Q1,
WLT-09611,2024-02-04,Sharjah-Industrial,Expense,Parking / Toll,-27.74,1100.04,2024-02,Q1,
WLT-09612,2024-02-05,Sharjah-Industrial,Expense,Consumables (Rags/Gloves),-105.13,994.91,2024-02,Q1,
WLT-09613,2024-02-06,Sharjah-Industrial,Expense,Staff Refreshments,-44.72,950.19,2024-02,Q1,
WLT-09614,2024-02-06,Sharjah-Industrial,Expense,Cleaning Supplies,-108.24,841.95,2024-02,Q1,
WLT-09615,2024-02-07,Sharjah-Industrial,Expense,Staff Refreshments,-38.4,803.55,2024-02,Q1,
WLT-09616,2024-02-07,Sharjah-Industrial,Expense,Small Tools,-226.74,576.81,2024-02,Q1,
WLT-09617,2024-02-10,Sharjah-Industrial,Expense,Cleaning Supplies,-87.08,489.73,2024-02,Q1,
WLT-09618,2024-02-11,Sharjah-Industrial,Expense,Emergency Parts Run,-330.43,159.3,2024-02,Q1,
WLT-09619,2024-02-12,Sharjah-Industrial,Expense,Staff Refreshments,-38.17,121.13,2024-02,Q1,
WLT-09620,2024-02-12,Sharjah-Industrial,Expense,Cleaning Supplies,-116.02,5.11,2024-02,Q1,
WLT-09621,2024-02-15,Sharjah-Industrial,Top-Up,Mid-month petty cash replenishment,750.0,755.11,2024-02,Q1,
WLT-09622,2024-02-15,Sharjah-Industrial,Expense,Cleaning Supplies,-116.76,638.35,2024-02,Q1,
WLT-09623,2024-02-17,Sharjah-Industrial,Expense,Stationary / Admin,-45.11,593.24,2024-02,Q1,
WLT-09624,2024-02-17,Sharjah-Industrial,Expense,Fuel (Test Drive),-74.85,518.39,2024-02,Q1,
WLT-09625,2024-02-18,Sharjah-Industrial,Expense,Stationary / Admin,-60.6,457.79,2024-02,Q1,
WLT-09626,2024-02-18,Sharjah-Industrial,Expense,Staff Refreshments,-41.41,416.38,2024-02,Q1,
WLT-09627,2024-02-19,Sharjah-Industrial,Expense,Fuel (Test Drive),-64.47,351.91,2024-02,Q1,
WLT-09628,2024-02-19,Sharjah-Industrial,Expense,Stationary / Admin,-66.5,285.41,2024-02,Q1,
WLT-09629,2024-02-20,Sharjah-Industrial,Expense,Parking / Toll,-30.83,254.58,2024-02,Q1,
WLT-09630,2024-02-20,Sharjah-Industrial,Expense,Fuel (Test Drive),-49.91,204.67,2024-02,Q1,
WLT-09631,2024-02-21,Sharjah-Industrial,Expense,Parking / Toll,-25.51,179.16,2024-02,Q1,
WLT-09632,2024-02-22,Sharjah-Industrial,Expense,Staff Refreshments,-38.76,140.4,2024-02,Q1,
WLT-09633,2024-02-22,Sharjah-Industrial,Expense,Staff Refreshments,-55.02,85.38,2024-02,Q1,
WLT-09634,2024-02-25,Sharjah-Industrial,Expense,Parking / Toll,-50.0,35.38,2024-02,Q1,Round-Number Review
WLT-09635,2024-03-02,Sharjah-Industrial,Expense,Parking / Toll,-30.91,4.47,2024-03,Q1,
WLT-09636,2024-04-01,Sharjah-Industrial,Top-Up,Monthly petty cash top-up,1521.0,1525.47,2024-04,Q2,
WLT-09637,2024-04-01,Sharjah-Industrial,Expense,Parking / Toll,-19.92,1505.55,2024-04,Q2,
WLT-09638,2024-04-03,Sharjah-Industrial,Expense,Stationary / Admin,-48.73,1456.82,2024-04,Q2,
WLT-09639,2024-04-04,Sharjah-Industrial,Expense,Staff Refreshments,-44.24,1412.58,2024-04,Q2,
WLT-09640,2024-04-04,Sharjah-Industrial,Expense,Staff Refreshments,-36.82,1375.76,2024-04,Q2,
WLT-09641,2024-04-06,Sharjah-Industrial,Expense,Staff Refreshments,-48.49,1327.27,2024-04,Q2,
WLT-09642,2024-04-07,Sharjah-Industrial,Expense,Consumables (Rags/Gloves),-100.63,1226.64,2024-04,Q2,
WLT-09643,2024-04-07,Sharjah-Industrial,Expense,Staff Refreshments,-38.39,1188.25,2024-04,Q2,
WLT-09644,2024-04-08,Sharjah-Industrial,Expense,Stationary / Admin,-42.59,1145.66,2024-04,Q2,
WLT-09645,2024-04-09,Sharjah-Industrial,Expense,Small Tools,-238.56,907.1,2024-04,Q2,
WLT-09646,2024-04-10,Sharjah-Industrial,Expense,Cleaning Supplies,-112.57,794.53,2024-04,Q2,
WLT-09647,2024-04-11,Sharjah-Industrial,Expense,Fuel (Test Drive),-62.52,732.01,2024-04,Q2,
WLT-09648,2024-04-13,Sharjah-Industrial,Expense,Parking / Toll,-25.33,706.68,2024-04,Q2,
WLT-09649,2024-04-14,Sharjah-Industrial,Expense,Staff Refreshments,-46.54,660.14,2024-04,Q2,
WLT-09650,2024-04-14,Sharjah-Industrial,Expense,Parking / Toll,-28.06,632.08,2024-04,Q2,
WLT-09651,2024-04-14,Sharjah-Industrial,Expense,Fuel (Test Drive),-59.96,572.12,2024-04,Q2,
WLT-09652,2024-04-15,Sharjah-Industrial,Expense,Fuel (Test Drive),-74.48,497.64,2024-04,Q2,
WLT-09653,2024-04-16,Sharjah-Industrial,Expense,Emergency Parts Run,-259.43,238.21,2024-04,Q2,
WLT-09654,2024-04-18,Sharjah-Industrial,Expense,Staff Refreshments,-45.98,192.23,2024-04,Q2,
WLT-09655,2024-04-21,Sharjah-Industrial,Expense,Fuel (Test Drive),-64.55,127.68,2024-04,Q2,
WLT-09656,2024-04-22,Sharjah-Industrial,Expense,Fuel (Test Drive),-67.54,60.14,2024-04,Q2,
WLT-09657,2024-04-23,Sharjah-Industrial,Expense,Staff Refreshments,-55.66,4.48,2024-04,Q2,
WLT-09658,2024-05-01,Sharjah-Industrial,Top-Up,Monthly petty cash top-up,1419.0,1423.48,2024-05,Q2,
WLT-09659,2024-05-01,Sharjah-Industrial,Expense,Parking / Toll,-27.56,1395.92,2024-05,Q2,
WLT-09660,2024-05-01,Sharjah-Industrial,Expense,Staff Refreshments,-39.83,1356.09,2024-05,Q2,
WLT-09661,2024-05-02,Sharjah-Industrial,Expense,Fuel (Test Drive),-67.61,1288.48,2024-05,Q2,
WLT-09662,2024-05-02,Sharjah-Industrial,Expense,Small Tools,-242.32,1046.16,2024-05,Q2,
WLT-09663,2024-05-04,Sharjah-Industrial,Expense,Small Tools,-167.41,878.75,2024-05,Q2,
WLT-09664,2024-05-05,Sharjah-Industrial,Expense,Consumables (Rags/Gloves),-77.26,801.49,2024-05,Q2,
WLT-09665,2024-05-06,Sharjah-Industrial,Expense,Emergency Parts Run,-293.96,507.53,2024-05,Q2,
WLT-09666,2024-05-06,Sharjah-Industrial,Expense,Staff Refreshments,-52.01,455.52,2024-05,Q2,
WLT-09667,2024-05-07,Sharjah-Industrial,Expense,Cleaning Supplies,-111.16,344.36,2024-05,Q2,
WLT-09668,2024-05-07,Sharjah-Industrial,Expense,Consumables (Rags/Gloves),-79.22,265.14,2024-05,Q2,
WLT-09669,2024-05-11,Sharjah-Industrial,Expense,Stationary / Admin,-44.71,220.43,2024-05,Q2,
WLT-09670,2024-05-13,Sharjah-Industrial,Expense,Staff Refreshments,-38.23,182.2,2024-05,Q2,
WLT-09671,2024-05-14,Sharjah-Industrial,Expense,Stationary / Admin,-64.83,117.37,2024-05,Q2,
WLT-09672,2024-05-14,Sharjah-Industrial,Expense,Consumables (Rags/Gloves),-98.8,18.57,2024-05,Q2,
WLT-09673,2024-05-15,Sharjah-Industrial,Top-Up,Mid-month petty cash replenishment,750.0,768.57,2024-05,Q2,
WLT-09674,2024-05-15,Sharjah-Industrial,Expense,Small Tools,-246.28,522.29,2024-05,Q2,
WLT-09675,2024-05-16,Sharjah-Industrial,Expense,Consumables (Rags/Gloves),-80.01,442.28,2024-05,Q2,
WLT-09676,2024-05-16,Sharjah-Industrial,Expense,Consumables (Rags/Gloves),-90.35,351.93,2024-05,Q2,
WLT-09677,2024-05-18,Sharjah-Industrial,Expense,Staff Refreshments,-47.45,304.48,2024-05,Q2,
WLT-09678,2024-05-21,Sharjah-Industrial,Expense,Stationary / Admin,-64.06,240.42,2024-05,Q2,
WLT-09679,2024-05-21,Sharjah-Industrial,Expense,Consumables (Rags/Gloves),-63.83,176.59,2024-05,Q2,
WLT-09680,2024-05-22,Sharjah-Industrial,Expense,Consumables (Rags/Gloves),-89.9,86.69,2024-05,Q2,
WLT-09681,2024-05-23,Sharjah-Industrial,Expense,Consumables (Rags/Gloves),-78.42,8.27,2024-05,Q2,
WLT-09682,2024-06-01,Sharjah-Industrial,Top-Up,Monthly petty cash top-up,1602.0,1610.27,2024-06,Q2,
WLT-09683,2024-06-01,Sharjah-Industrial,Expense,Stationary / Admin,-59.03,1551.24,2024-06,Q2,
WLT-09684,2024-06-02,Sharjah-Industrial,Expense,Staff Refreshments,-39.8,1511.44,2024-06,Q2,
WLT-09685,2024-06-02,Sharjah-Industrial,Expense,Parking / Toll,-19.44,1492.0,2024-06,Q2,
WLT-09686,2024-06-03,Sharjah-Industrial,Expense,Fuel (Test Drive),-51.36,1440.64,2024-06,Q2,
WLT-09687,2024-06-04,Sharjah-Industrial,Expense,Consumables (Rags/Gloves),-67.26,1373.38,2024-06,Q2,
WLT-09688,2024-06-05,Sharjah-Industrial,Expense,Parking / Toll,-28.9,1344.48,2024-06,Q2,
WLT-09689,2024-06-05,Sharjah-Industrial,Expense,Consumables (Rags/Gloves),-81.96,1262.52,2024-06,Q2,
WLT-09690,2024-06-06,Sharjah-Industrial,Expense,Parking / Toll,-24.41,1238.11,2024-06,Q2,
WLT-09691,2024-06-06,Sharjah-Industrial,Expense,Consumables (Rags/Gloves),-95.34,1142.77,2024-06,Q2,
WLT-09692,2024-06-08,Sharjah-Industrial,Expense,Staff Refreshments,-43.81,1098.96,2024-06,Q2,
WLT-09693,2024-06-08,Sharjah-Industrial,Expense,Consumables (Rags/Gloves),-92.77,1006.19,2024-06,Q2,
WLT-09694,2024-06-09,Sharjah-Industrial,Expense,Emergency Parts Run,-263.72,742.47,2024-06,Q2,
WLT-09695,2024-06-11,Sharjah-Industrial,Expense,Small Tools,-158.0,584.47,2024-06,Q2,
WLT-09696,2024-06-12,Sharjah-Industrial,Expense,Consumables (Rags/Gloves),-100.04,484.43,2024-06,Q2,
WLT-09697,2024-06-12,Sharjah-Industrial,Expense,Consumables (Rags/Gloves),-67.13,417.3,2024-06,Q2,
WLT-09698,2024-06-13,Sharjah-Industrial,Expense,Staff Refreshments,-43.07,374.23,2024-06,Q2,
WLT-09699,2024-06-15,Sharjah-Industrial,Top-Up,Mid-month petty cash replenishment,750.0,1124.23,2024-06,Q2,
WLT-09700,2024-06-15,Sharjah-Industrial,Expense,Small Tools,-193.77,930.46,2024-06,Q2,
WLT-09701,2024-06-16,Sharjah-Industrial,Expense,Consumables (Rags/Gloves),-71.84,858.62,2024-06,Q2,
WLT-09702,2024-06-16,Sharjah-Industrial,Expense,Staff Refreshments,-36.48,822.14,2024-06,Q2,
WLT-09703,2024-06-17,Sharjah-Industrial,Expense,Fuel (Test Drive),-58.51,763.63,2024-06,Q2,
WLT-09704,2024-06-18,Sharjah-Industrial,Expense,Emergency Parts Run,-372.27,391.36,2024-06,Q2,
WLT-09705,2024-06-20,Sharjah-Industrial,Expense,Emergency Parts Run,-351.5,39.86,2024-06,Q2,
WLT-09706,2024-07-01,Sharjah-Industrial,Top-Up,Monthly petty cash top-up,1478.0,1517.86,2024-07,Q3,
WLT-09707,2024-07-01,Sharjah-Industrial,Expense,Small Tools,-246.31,1271.55,2024-07,Q3,
WLT-09708,2024-07-02,Sharjah-Industrial,Expense,Staff Refreshments,-43.05,1228.5,2024-07,Q3,
WLT-09709,2024-07-03,Sharjah-Industrial,Expense,Consumables (Rags/Gloves),-89.62,1138.88,2024-07,Q3,
WLT-09710,2024-07-06,Sharjah-Industrial,Expense,Cleaning Supplies,-90.37,1048.51,2024-07,Q3,
WLT-09711,2024-07-07,Sharjah-Industrial,Expense,Emergency Parts Run,-354.18,694.33,2024-07,Q3,
WLT-09712,2024-07-08,Sharjah-Industrial,Expense,Fuel (Test Drive),-61.6,632.73,2024-07,Q3,
WLT-09713,2024-07-08,Sharjah-Industrial,Expense,Staff Refreshments,-35.76,596.97,2024-07,Q3,
WLT-09714,2024-07-09,Sharjah-Industrial,Expense,Consumables (Rags/Gloves),-102.04,494.93,2024-07,Q3,
WLT-09715,2024-07-09,Sharjah-Industrial,Expense,Small Tools,-152.92,342.01,2024-07,Q3,
WLT-09716,2024-07-10,Sharjah-Industrial,Expense,Stationary / Admin,-53.08,288.93,2024-07,Q3,
WLT-09717,2024-07-10,Sharjah-Industrial,Expense,Fuel (Test Drive),-55.35,233.58,2024-07,Q3,
WLT-09718,2024-07-11,Sharjah-Industrial,Expense,Fuel (Test Drive),-52.99,180.59,2024-07,Q3,
WLT-09719,2024-07-11,Sharjah-Industrial,Expense,Consumables (Rags/Gloves),-68.0,112.59,2024-07,Q3,
WLT-09720,2024-07-13,Sharjah-Industrial,Expense,Fuel (Test Drive),-70.22,42.37,2024-07,Q3,
WLT-09721,2024-07-15,Sharjah-Industrial,Top-Up,Mid-month petty cash replenishment,750.0,792.37,2024-07,Q3,
WLT-09722,2024-07-15,Sharjah-Industrial,Expense,Staff Refreshments,-38.27,754.1,2024-07,Q3,
WLT-09723,2024-07-17,Sharjah-Industrial,Expense,Small Tools,-169.06,585.04,2024-07,Q3,
WLT-09724,2024-07-18,Sharjah-Industrial,Expense,Cleaning Supplies,-102.22,482.82,2024-07,Q3,
WLT-09725,2024-07-18,Sharjah-Industrial,Expense,Emergency Parts Run,-257.46,225.36,2024-07,Q3,
WLT-09726,2024-07-20,Sharjah-Industrial,Expense,Stationary / Admin,-44.33,181.03,2024-07,Q3,
WLT-09727,2024-07-23,Sharjah-Industrial,Expense,Parking / Toll,-22.17,158.86,2024-07,Q3,
WLT-09728,2024-07-23,Sharjah-Industrial,Expense,Cleaning Supplies,-118.51,40.35,2024-07,Q3,
WLT-09729,2024-08-01,Sharjah-Industrial,Top-Up,Monthly petty cash top-up,1343.0,1383.35,2024-08,Q3,
WLT-09730,2024-08-01,Sharjah-Industrial,Expense,Cleaning Supplies,-89.5,1293.85,2024-08,Q3,
WLT-09731,2024-08-05,Sharjah-Industrial,Expense,Consumables (Rags/Gloves),-89.29,1204.56,2024-08,Q3,
WLT-09732,2024-08-06,Sharjah-Industrial,Expense,Consumables (Rags/Gloves),-100.0,1104.56,2024-08,Q3,Round-Number Review
WLT-09733,2024-08-06,Sharjah-Industrial,Expense,Fuel (Test Drive),-70.03,1034.53,2024-08,Q3,
WLT-09734,2024-08-08,Sharjah-Industrial,Expense,Small Tools,-193.39,841.14,2024-08,Q3,
WLT-09735,2024-08-10,Sharjah-Industrial,Expense,Stationary / Admin,-55.16,785.98,2024-08,Q3,
WLT-09736,2024-08-10,Sharjah-Industrial,Expense,Stationary / Admin,-44.71,741.27,2024-08,Q3,
WLT-09737,2024-08-11,Sharjah-Industrial,Expense,Staff Refreshments,-43.7,697.57,2024-08,Q3,
WLT-09738,2024-08-13,Sharjah-Industrial,Expense,Emergency Parts Run,-340.56,357.01,2024-08,Q3,
WLT-09739,2024-08-14,Sharjah-Industrial,Expense,Staff Refreshments,-40.74,316.27,2024-08,Q3,
WLT-09740,2024-08-15,Sharjah-Industrial,Top-Up,Mid-month petty cash replenishment,750.0,1066.27,2024-08,Q3,
WLT-09741,2024-08-15,Sharjah-Industrial,Expense,Consumables (Rags/Gloves),-75.99,990.28,2024-08,Q3,
WLT-09742,2024-08-15,Sharjah-Industrial,Expense,Staff Refreshments,-46.89,943.39,2024-08,Q3,
WLT-09743,2024-08-17,Sharjah-Industrial,Expense,Emergency Parts Run,-263.56,679.83,2024-08,Q3,
WLT-09744,2024-08-17,Sharjah-Industrial,Expense,Parking / Toll,-29.27,650.56,2024-08,Q3,
WLT-09745,2024-08-18,Sharjah-Industrial,Expense,Cleaning Supplies,-131.25,519.31,2024-08,Q3,
WLT-09746,2024-08-19,Sharjah-Industrial,Expense,Cleaning Supplies,-99.81,419.5,2024-08,Q3,
WLT-09747,2024-08-19,Sharjah-Industrial,Expense,Small Tools,-182.86,236.64,2024-08,Q3,
WLT-09748,2024-08-22,Sharjah-Industrial,Expense,Staff Refreshments,-54.14,182.5,2024-08,Q3,
WLT-09749,2024-08-24,Sharjah-Industrial,Expense,Staff Refreshments,-38.3,144.2,2024-08,Q3,
WLT-09750,2024-08-24,Sharjah-Industrial,Expense,Consumables (Rags/Gloves),-104.42,39.78,2024-08,Q3,
WLT-09751,2024-08-29,Sharjah-Industrial,Expense,Parking / Toll,-20.19,19.59,2024-08,Q3,
WLT-09752,2024-09-01,Sharjah-Industrial,Top-Up,Monthly petty cash top-up,1440.0,1459.59,2024-09,Q3,
WLT-09753,2024-09-01,Sharjah-Industrial,Expense,Emergency Parts Run,-355.01,1104.58,2024-09,Q3,
WLT-09754,2024-09-01,Sharjah-Industrial,Expense,Emergency Parts Run,-287.97,816.61,2024-09,Q3,
WLT-09755,2024-09-01,Sharjah-Industrial,Expense,Parking / Toll,-25.53,791.08,2024-09,Q3,
WLT-09756,2024-09-02,Sharjah-Industrial,Expense,Fuel (Test Drive),-73.62,717.46,2024-09,Q3,
WLT-09757,2024-09-03,Sharjah-Industrial,Expense,Small Tools,-161.69,555.77,2024-09,Q3,
WLT-09758,2024-09-04,Sharjah-Industrial,Expense,Staff Refreshments,-47.7,508.07,2024-09,Q3,
WLT-09759,2024-09-07,Sharjah-Industrial,Expense,Consumables (Rags/Gloves),-97.21,410.86,2024-09,Q3,
WLT-09760,2024-09-08,Sharjah-Industrial,Expense,Cleaning Supplies,-118.32,292.54,2024-09,Q3,
WLT-09761,2024-09-08,Sharjah-Industrial,Expense,Fuel (Test Drive),-59.67,232.87,2024-09,Q3,
WLT-09762,2024-09-08,Sharjah-Industrial,Expense,Cleaning Supplies,-87.91,144.96,2024-09,Q3,
WLT-09763,2024-09-09,Sharjah-Industrial,Expense,Cleaning Supplies,-135.96,9.0,2024-09,Q3,
WLT-09764,2024-09-15,Sharjah-Industrial,Top-Up,Mid-month petty cash replenishment,750.0,759.0,2024-09,Q3,
WLT-09765,2024-09-15,Sharjah-Industrial,Expense,Fuel (Test Drive),-59.11,699.89,2024-09,Q3,
WLT-09766,2024-09-15,Sharjah-Industrial,Expense,Consumables (Rags/Gloves),-93.94,605.95,2024-09,Q3,
WLT-09767,2024-09-15,Sharjah-Industrial,Expense,Cleaning Supplies,-135.62,470.33,2024-09,Q3,
WLT-09768,2024-09-16,Sharjah-Industrial,Expense,Emergency Parts Run,-302.23,168.1,2024-09,Q3,
WLT-09769,2024-09-18,Sharjah-Industrial,Expense,Consumables (Rags/Gloves),-74.39,93.71,2024-09,Q3,
WLT-09770,2024-09-18,Sharjah-Industrial,Expense,Parking / Toll,-27.39,66.32,2024-09,Q3,
WLT-09771,2024-09-19,Sharjah-Industrial,Expense,Fuel (Test Drive),-63.99,2.33,2024-09,Q3,
WLT-09772,2024-10-01,Sharjah-Industrial,Top-Up,Monthly petty cash top-up,1488.0,1490.33,2024-10,Q4,
WLT-09773,2024-10-01,Sharjah-Industrial,Expense,Consumables (Rags/Gloves),-82.03,1408.3,2024-10,Q4,
WLT-09774,2024-10-03,Sharjah-Industrial,Expense,Stationary / Admin,-55.09,1353.21,2024-10,Q4,
WLT-09775,2024-10-05,Sharjah-Industrial,Expense,Staff Refreshments,-46.16,1307.05,2024-10,Q4,
WLT-09776,2024-10-05,Sharjah-Industrial,Expense,Fuel (Test Drive),-45.38,1261.67,2024-10,Q4,
WLT-09777,2024-10-05,Sharjah-Industrial,Expense,Fuel (Test Drive),-57.47,1204.2,2024-10,Q4,
WLT-09778,2024-10-06,Sharjah-Industrial,Expense,Parking / Toll,-22.36,1181.84,2024-10,Q4,
WLT-09779,2024-10-07,Sharjah-Industrial,Expense,Stationary / Admin,-63.95,1117.89,2024-10,Q4,
WLT-09780,2024-10-08,Sharjah-Industrial,Expense,Consumables (Rags/Gloves),-76.64,1041.25,2024-10,Q4,
WLT-09781,2024-10-09,Sharjah-Industrial,Expense,Consumables (Rags/Gloves),-65.51,975.74,2024-10,Q4,
WLT-09782,2024-10-10,Sharjah-Industrial,Expense,Emergency Parts Run,-355.96,619.78,2024-10,Q4,
WLT-09783,2024-10-10,Sharjah-Industrial,Expense,Consumables (Rags/Gloves),-67.94,551.84,2024-10,Q4,
WLT-09784,2024-10-12,Sharjah-Industrial,Expense,Staff Refreshments,-51.22,500.62,2024-10,Q4,
WLT-09785,2024-10-13,Sharjah-Industrial,Expense,Cleaning Supplies,-135.5,365.12,2024-10,Q4,
WLT-09786,2024-10-13,Sharjah-Industrial,Expense,Stationary / Admin,-50.0,315.12,2024-10,Q4,Round-Number Review
WLT-09787,2024-10-14,Sharjah-Industrial,Expense,Staff Refreshments,-33.95,281.17,2024-10,Q4,
WLT-09788,2024-10-15,Sharjah-Industrial,Top-Up,Mid-month petty cash replenishment,750.0,1031.17,2024-10,Q4,
WLT-09789,2024-10-15,Sharjah-Industrial,Expense,Staff Refreshments,-47.89,983.28,2024-10,Q4,
WLT-09790,2024-10-15,Sharjah-Industrial,Expense,Small Tools,-243.67,739.61,2024-10,Q4,
WLT-09791,2024-10-16,Sharjah-Industrial,Expense,Small Tools,-169.8,569.81,2024-10,Q4,
WLT-09792,2024-10-17,Sharjah-Industrial,Expense,Staff Refreshments,-45.71,524.1,2024-10,Q4,
WLT-09793,2024-10-19,Sharjah-Industrial,Expense,Staff Refreshments,-44.15,479.95,2024-10,Q4,
WLT-09794,2024-10-20,Sharjah-Industrial,Expense,Stationary / Admin,-62.83,417.12,2024-10,Q4,
WLT-09795,2024-10-21,Sharjah-Industrial,Expense,Consumables (Rags/Gloves),-83.52,333.6,2024-10,Q4,
WLT-09796,2024-10-22,Sharjah-Industrial,Expense,Fuel (Test Drive),-66.1,267.5,2024-10,Q4,
WLT-09797,2024-10-23,Sharjah-Industrial,Expense,Staff Refreshments,-47.1,220.4,2024-10,Q4,
WLT-09798,2024-10-23,Sharjah-Industrial,Expense,Consumables (Rags/Gloves),-71.81,148.59,2024-10,Q4,
WLT-09799,2024-10-24,Sharjah-Industrial,Expense,Staff Refreshments,-38.68,109.91,2024-10,Q4,
WLT-09800,2024-10-27,Sharjah-Industrial,Expense,Cleaning Supplies,-90.05,19.86,2024-10,Q4,
WLT-09801,2024-12-01,Sharjah-Industrial,Top-Up,Monthly petty cash top-up,1641.0,1660.86,2024-12,Q4,
WLT-09802,2024-12-03,Sharjah-Industrial,Expense,Cleaning Supplies,-123.75,1537.11,2024-12,Q4,
WLT-09803,2024-12-04,Sharjah-Industrial,Expense,Stationary / Admin,-50.57,1486.54,2024-12,Q4,
WLT-09804,2024-12-05,Sharjah-Industrial,Expense,Consumables (Rags/Gloves),-71.09,1415.45,2024-12,Q4,
WLT-09805,2024-12-07,Sharjah-Industrial,Expense,Consumables (Rags/Gloves),-70.08,1345.37,2024-12,Q4,
WLT-09806,2024-12-07,Sharjah-Industrial,Expense,Fuel (Test Drive),-74.14,1271.23,2024-12,Q4,
WLT-09807,2024-12-08,Sharjah-Industrial,Expense,Consumables (Rags/Gloves),-73.23,1198.0,2024-12,Q4,
WLT-09808,2024-12-08,Sharjah-Industrial,Expense,Consumables (Rags/Gloves),-83.51,1114.49,2024-12,Q4,
WLT-09809,2024-12-08,Sharjah-Industrial,Expense,Parking / Toll,-22.66,1091.83,2024-12,Q4,
WLT-09810,2024-12-09,Sharjah-Industrial,Expense,Staff Refreshments,-35.84,1055.99,2024-12,Q4,
WLT-09811,2024-12-10,Sharjah-Industrial,Expense,Small Tools,-188.4,867.59,2024-12,Q4,
WLT-09812,2024-12-10,Sharjah-Industrial,Expense,Parking / Toll,-24.21,843.38,2024-12,Q4,
WLT-09813,2024-12-11,Sharjah-Industrial,Expense,Cleaning Supplies,-105.06,738.32,2024-12,Q4,
WLT-09814,2024-12-12,Sharjah-Industrial,Expense,Cleaning Supplies,-111.23,627.09,2024-12,Q4,
WLT-09815,2024-12-12,Sharjah-Industrial,Expense,Fuel (Test Drive),-47.69,579.4,2024-12,Q4,
WLT-09816,2024-12-12,Sharjah-Industrial,Expense,Small Tools,-196.27,383.13,2024-12,Q4,
WLT-09817,2024-12-15,Sharjah-Industrial,Top-Up,Mid-month petty cash replenishment,750.0,1133.13,2024-12,Q4,
WLT-09818,2024-12-15,Sharjah-Industrial,Expense,Staff Refreshments,-44.53,1088.6,2024-12,Q4,
WLT-09819,2024-12-16,Sharjah-Industrial,Expense,Staff Refreshments,-46.07,1042.53,2024-12,Q4,
WLT-09820,2024-12-17,Sharjah-Industrial,Expense,Staff Refreshments,-36.65,1005.88,2024-12,Q4,
WLT-09821,2024-12-18,Sharjah-Industrial,Expense,Fuel (Test Drive),-73.76,932.12,2024-12,Q4,
WLT-09822,2024-12-18,Sharjah-Industrial,Expense,Consumables (Rags/Gloves),-92.47,839.65,2024-12,Q4,
WLT-09823,2024-12-18,Sharjah-Industrial,Expense,Emergency Parts Run,-282.43,557.22,2024-12,Q4,
WLT-09824,2024-12-19,Sharjah-Industrial,Expense,Stationary / Admin,-48.34,508.88,2024-12,Q4,
WLT-09825,2024-12-19,Sharjah-Industrial,Expense,Parking / Toll,-22.75,486.13,2024-12,Q4,
WLT-09826,2024-12-21,Sharjah-Industrial,Expense,Stationary / Admin,-53.6,432.53,2024-12,Q4,
WLT-09827,2024-12-22,Sharjah-Industrial,Expense,Staff Refreshments,-38.96,393.57,2024-12,Q4,
WLT-09828,2024-12-22,Sharjah-Industrial,Expense,Cleaning Supplies,-100.85,292.72,2024-12,Q4,
WLT-09829,2024-12-23,Sharjah-Industrial,Expense,Cleaning Supplies,-100.07,192.65,2024-12,Q4,
WLT-09830,2024-12-23,Sharjah-Industrial,Expense,Consumables (Rags/Gloves),-96.01,96.64,2024-12,Q4,
WLT-09831,2024-12-24,Sharjah-Industrial,Expense,Cleaning Supplies,-85.99,10.65,2024-12,Q4,
